,Municipality,MUNID,County,Latitude,Longitude,CrimeScore,EDUScore,WalkScore,TransitScore,Walkability
0,Absecon,101,Atlantic County,39.428450299999994,-74.49570759999999,,,,,49
1,Atlantic City,102,Atlantic County,39.3642834,-74.4229266,,,,,89
2,Brigantine,103,Atlantic County,39.4101171,-74.3645906,,,,,37
3,Buena Borough,104,Atlantic County,39.5314776,-74.9384135,,,,,18
4,Buena Vista Township,105,Atlantic County,39.5281098,-74.89626659999999,,,,,0
5,Corbin City,106,Atlantic County,39.3034484,-74.7557193,,,,,8
6,Egg Harbor City,107,Atlantic County,39.5287282,-74.6479364,,,,,65
7,Egg Harbor Township,108,Atlantic County,39.3822537,-74.6166192,,,,,1
8,Estell Manor,109,Atlantic County,39.41206029999999,-74.7423855,,,,,0
9,Folsom Borough,110,Atlantic County,39.6020607,-74.8426652,,,,,13
10,Galloway Township,111,Atlantic County,39.4928235,-74.55968790000001,,,,,0
11,Hamilton Township,112,Atlantic County,39.494186299999996,-74.73476740000001,,,,,4
12,Hammonton,113,Atlantic County,39.63650560000001,-74.8023853,,,,,82
13,Linwood,114,Atlantic County,39.3398382,-74.5751557,,,,,29
14,Longport Borough,115,Atlantic County,39.31428270000001,-74.52487559999999,,,,,32
15,Margate City,116,Atlantic County,39.327894,-74.5034858,,,,,70
16,Mullica Township,117,Atlantic County,39.590785100000005,-74.663464,,,,,0
17,Northfield,118,Atlantic County,39.37039420000001,-74.5501546,,,,,68
18,Pleasantville,119,Atlantic County,39.3898388,-74.5240422,,,,,82
19,Port Republic,120,Atlantic County,39.52067329999999,-74.48570699999999,,,,,3
20,Somers Point,121,Atlantic County,39.3160641,-74.6053047,,,,,55
21,Ventnor City,122,Atlantic County,39.340394200000006,-74.4773735,,,,,60
22,Weymouth Township,123,Atlantic County,39.41865670000001,-74.7746684,,,,,0
23,Allendale Borough,201,Bergen County,41.037101,-74.1298684,,,,,33
24,Alpine Borough,202,Bergen County,40.9579189,-73.9183464,,,,,3
25,Bergenfield Borough,203,Bergen County,40.927598700000004,-73.9973608,,,,,94
26,Bogota Borough,204,Bergen County,40.8762106,-74.02986209999999,,,,,68
27,Carlstadt Borough,205,Bergen County,40.8403778,-74.09069740000001,,,,,69
28,Cliffside Park Borough,206,Bergen County,40.8214894,-73.98763879999998,,,,,87
29,Closter Borough,207,Bergen County,40.9731536,-73.9615262,,,,,75
30,Cresskill Borough,208,Bergen County,40.941212799999995,-73.9565551,,,,,70
31,Demarest Borough,209,Bergen County,40.9531023,-73.9536163,,,,,19
32,Dumont Borough,210,Bergen County,40.9406541,-73.9968051,,,,,82
33,East Rutherford Borough,212,Bergen County,40.8329289,-74.0958729,,,,,87
34,Edgewater Borough,213,Bergen County,40.820496500000004,-73.9741874,,,,,65
35,Elmwood Park Borough,211,Bergen County,40.903987799999996,-74.118476,,,,,59
36,Emerson Borough,214,Bergen County,40.976209000000004,-74.0262505,,,,,70
37,Englewood,215,Bergen County,40.8928771,-73.9726381,,,,,90
38,Englewood Cliffs Borough,216,Bergen County,40.8923269,-73.9418603,,,,,26
39,Fair Lawn Borough,217,Bergen County,40.9370006,-74.1181234,,,,,73
40,Fairview Borough,218,Bergen County,40.8197331,-74.0035709,,,,,69
41,Fort Lee Borough,219,Bergen County,40.856238299999994,-73.9653715,,,,,81
42,Franklin Lakes Borough,220,Bergen County,41.016763899999994,-74.2057011,,,,,41
43,Garfield,221,Bergen County,40.88148820000001,-74.113198,,,,,86
44,Glen Rock Borough,222,Bergen County,40.9583569,-74.1298684,,,,,77
45,Hackensack,223,Bergen County,40.8859325,-74.0434736,,,,,96
46,Harrington Park Borough,224,Bergen County,40.983708899999996,-73.9798601,,,,,41
47,Hasbrouck Heights Borough,225,Bergen County,40.8642433,-74.0740729,,,,,75
48,Haworth Borough,226,Bergen County,40.9609315,-73.9901383,,,,,48
49,Hillsdale Borough,227,Bergen County,41.0025975,-74.0404175,,,,,86
50,Ho-Ho-Kus Borough,228,Bergen County,40.9964864,-74.101253,,,,,39
51,Leonia Borough,229,Bergen County,40.86246129999999,-73.9918181,,,,,80
52,Little Ferry Borough,230,Bergen County,40.8528777,-74.0420848,,,,,86
53,Lodi Borough,231,Bergen County,40.8823215,-74.08319709999999,,,,,80
54,Lyndhurst Township,232,Bergen County,40.812017100000006,-74.1243063,,,,,89
55,Mahwah Township,233,Bergen County,41.0886216,-74.1435843,,,,,40
56,Maywood Borough,234,Bergen County,40.90202670000001,-74.06232440000001,,,,,81
57,Midland Park Borough,235,Bergen County,40.996521200000004,-74.1386767,,,,,38
58,Montvale Borough,236,Bergen County,41.046763500000004,-74.02291729999999,,,,,34
59,Moonachie Borough,237,Bergen County,40.8412111,-74.0451405,,,,,57
60,New Milford Borough,238,Bergen County,40.9356215,-74.0211989,,,,,54
61,North Arlington Borough,239,Bergen County,40.7906667,-74.1298684,,,,,67
62,Northvale Borough,240,Bergen County,41.0064864,-73.94902579999999,,,,,79
63,Norwood Borough,241,Bergen County,40.9981532,-73.9618039,,,,,38
64,Oakland Borough,242,Bergen County,41.0131529,-74.2643143,,,,,20
65,Old Tappan Borough,243,Bergen County,41.0171594,-73.9888797,,,,,23
66,Oradell Borough,244,Bergen County,40.9587093,-74.0368064,,,,,36
67,Palisades Park Borough,245,Bergen County,40.848155600000005,-73.997639,,,,,91
68,Paramus Borough,246,Bergen County,40.944542799999994,-74.0754189,,,,,31
69,Park Ridge Borough,247,Bergen County,41.0375968,-74.04069559999999,,,,,49
70,Ramsey Borough,248,Bergen County,41.062513,-74.1357407,,,,,60
71,Ridgefield Borough,249,Bergen County,40.8333184,-74.01238509999999,,,,,69
72,Ridgefield Park Village,250,Bergen County,40.857044200000004,-74.0215285,,,,,62
73,Ridgewood Village,251,Bergen County,40.9792645,-74.11653129999999,,,,,96
74,River Edge Borough,252,Bergen County,40.92826710000001,-74.03882519999999,,,,,72
75,River Vale Township,253,Bergen County,41.0147679,-74.01197359999999,,,,,12
76,Rochelle Park Township,254,Bergen County,40.9073328,-74.07512729999999,,,,,79
77,Rockleigh Borough,255,Bergen County,41.000375399999996,-73.930414,,,,,11
78,Rutherford Borough,256,Bergen County,40.826489,-74.10680909999999,,,,,91
79,Saddle Brook Township,257,Bergen County,40.9040085,-74.10073179999999,,,,,33
80,Saddle River Borough,258,Bergen County,41.0321343,-74.0946311,,,,,23
81,South Hackensack Township,259,Bergen County,40.8625996,-74.0479182,,,,,62
82,Teaneck Township,260,Bergen County,40.8932469,-74.0116536,,,,,60
83,Tenafly Borough,261,Bergen County,40.913708,-73.9536163,,,,,14
84,Teterboro Borough,262,Bergen County,40.8598219,-74.05930749999999,,,,,40
85,Upper Saddle River Borough,263,Bergen County,41.0616347,-74.0946311,,,,,21
86,Waldwick Borough,264,Bergen County,41.0106528,-74.1179203,,,,,77
87,Wallington Borough,265,Bergen County,40.853587299999994,-74.103441,,,,,61
88,Washington Township,266,Bergen County,40.9912886,-74.0597897,,,,,44
89,Westwood Borough,267,Bergen County,40.99120870000001,-74.0326395,,,,,86
90,Woodcliff Lake Borough,268,Bergen County,41.0234304,-74.0665297,,,,,21
91,Wood-Ridge Borough,269,Bergen County,40.8511031,-74.0858207,,,,,66
92,Wyckoff Township,270,Bergen County,41.0095316,-74.1729106,,,,,65
93,Bass River Township,301,Burlington County,39.5926181,-74.4426493,,,,,12
94,Beverly,302,Burlington County,40.065388899999995,-74.9190558,,,,,30
95,Bordentown,303,Burlington County,40.1462213,-74.7118264,,,,,72
96,Bordentown Township,304,Burlington County,40.1480827,-74.6945737,,,,,30
97,Burlington,305,Burlington County,40.056147100000004,-74.8458822,,,,,52
98,Burlington Township,306,Burlington County,40.056147100000004,-74.8458822,,,,,52
99,Chesterfield Township,307,Burlington County,40.1219081,-74.651754,,,,,10
100,Cinnaminson Township,308,Burlington County,39.9969646,-74.99276929999999,,,,,48
101,Delanco Township,309,Burlington County,40.050666899999996,-74.9535016,,,,,45
102,Delran Township,310,Burlington County,40.01589179999999,-74.9564247,,,,,53
103,Eastampton Township,311,Burlington County,40.003381299999994,-74.756468,,,,,26
104,Edgewater Park Township,312,Burlington County,40.068166600000005,-74.9007218,,,,,15
105,Evesham Township,313,Burlington County,39.8522951,-74.88579890000001,,,,,1
106,Fieldsboro Borough,314,Burlington County,40.1364991,-74.7287714,,,,,42
107,Florence Township,315,Burlington County,40.0967369,-74.7863387,,,,,5
108,Hainesport Township,316,Burlington County,39.9837234,-74.82710809999999,,,,,18
109,Lumberton Township,317,Burlington County,39.9676482,-74.8003877,,,,,13
110,Mansfield Township,318,Burlington County,40.0799767,-74.71836409999999,,,,,21
111,Maple Shade Township,319,Burlington County,39.9526127,-74.99239150000001,,,,,64
112,Medford Lakes Borough,321,Burlington County,39.8623103,-74.8057734,,,,,55
113,Medford Township,320,Burlington County,39.8661826,-74.8390162,,,,,28
114,Moorestown Township,322,Burlington County,39.968881700000004,-74.948886,,,,,46
115,Mount Holly Township,323,Burlington County,39.9931438,-74.78793929999999,,,,,66
116,Mount Laurel Township,324,Burlington County,39.934002,-74.8909988,,,,,15
117,New Hanover Township,325,Burlington County,40.012231899999996,-74.58147729999999,,,,,0
118,North Hanover Township,326,Burlington County,40.0723409,-74.58147729999999,,,,,4
119,Palmyra Borough,327,Burlington County,40.0070565,-75.0282271,,,,,49
120,Pemberton Borough,328,Burlington County,39.972057799999995,-74.6829363,,,,,44
121,Pemberton Township,329,Burlington County,39.9600831,-74.5841089,,,,,14
122,Riverside Township,330,Burlington County,40.032333799999996,-74.9573908,,,,,55
123,Riverton Borough,331,Burlington County,40.011500899999994,-75.0148931,,,,,53
124,Shamong Township,332,Burlington County,39.7775775,-74.7351513,,,,,7
125,Southampton Township,333,Burlington County,39.927428799999994,-74.7265791,,,,,1
126,Springfield Township,334,Burlington County,40.0370035,-74.6934678,,,,,17
127,Tabernacle Township,335,Burlington County,39.843385299999994,-74.7107048,,,,,20
128,Washington Township,336,Burlington County,39.699132399999996,-74.56976170000002,,,,,0
129,Westampton Township,337,Burlington County,40.0205975,-74.7922202,,,,,6
130,Willingboro Township,338,Burlington County,40.028847999999996,-74.89164579999999,,,,,21
131,Woodland Township,339,Burlington County,39.853733899999995,-74.5228916,,,,,0
132,Wrightstown Borough,340,Burlington County,40.036224100000005,-74.61793440000001,,,,,45
133,Audubon Borough,401,Camden County,39.8909466,-75.07295040000001,,,,,59
134,Fredon Township,1907,Sussex County,41.0392638,-74.8087781,,,,,10
135,Audubon Park Borough,402,Camden County,39.8965021,-75.08767359999999,,,,,46
136,Barrington Borough,403,Camden County,39.8648357,-75.0551714,,,,,50
137,Bellmawr Borough,404,Camden County,39.867613399999996,-75.0946182,,,,,53
138,Berlin Borough,405,Camden County,39.7912261,-74.9290536,,,,,57
139,Berlin Township,406,Camden County,39.800825599999996,-74.9150313,,,,,13
140,Brooklawn Borough,407,Camden County,39.8795177,-75.1209704,,,,,64
141,Camden,408,Camden County,39.9259463,-75.1196199,,,,,62
142,Cherry Hill Township,409,Camden County,39.926813,-75.0246312,,,,,42
143,Chesilhurst Borough,410,Camden County,39.732338399999996,-74.88099659999999,,,,,7
144,Clementon Borough,411,Camden County,39.8115033,-74.9829443,,,,,69
145,Collingswood Borough,412,Camden County,39.9181686,-75.07128399999999,,,,,74
146,Gibbsboro Borough,413,Camden County,39.838169799999996,-74.9648887,,,,,29
147,Gloucester City,414,Camden County,39.8917799,-75.1162863,,,,,58
148,Gloucester Township,415,Camden County,39.7933809,-75.0494329,,,,,23
149,Haddon Heights Borough,418,Camden County,39.8773356,-75.0646165,,,,,60
150,Haddon Township,416,Camden County,39.910517600000006,-75.0497448,,,,,72
151,Haddonfield Borough,417,Camden County,39.891502200000005,-75.0376707,,,,,60
152,Hi-Nella Borough,419,Camden County,39.8356695,-75.02433570000001,,,,,41
153,Laurel Springs Borough,420,Camden County,39.8201141,-75.00627879999999,,,,,50
154,Lawnside Borough,421,Camden County,39.8665025,-75.0282253,,,,,27
155,Lindenwold Borough,422,Camden County,39.8172083,-74.9699579,,,,,15
156,Magnolia Borough,423,Camden County,39.8545581,-75.03905909999999,,,,,43
157,Merchantville Borough,424,Camden County,39.9503838,-75.0479726,,,,,78
158,Mount Ephraim Borough,425,Camden County,39.8784465,-75.0926738,,,,,48
159,Oaklyn Borough,426,Camden County,39.9009465,-75.0846179,,,,,56
160,Pennsauken Township,427,Camden County,39.9562052,-75.058009,,,,,71
161,Pine Hill Borough,428,Camden County,39.784281299999996,-74.9921108,,,,,55
162,Pine Valley Borough,429,Camden County,39.785670399999994,-74.975166,,,,,3
163,Runnemede Borough,430,Camden County,39.85233579999999,-75.0679497,,,,,69
164,Somerdale Borough,431,Camden County,39.8440027,-75.0226691,,,,,47
165,Stratford Borough,432,Camden County,39.8267807,-75.01544609999999,,,,,35
166,Tavistock Borough,433,Camden County,39.87622460000001,-75.02961440000001,,,,,1
167,Voorhees Township,434,Camden County,39.851944700000004,-74.961517,,,,,3
168,Waterford Township,435,Camden County,39.771287,-74.886909,,,,,48
169,Winslow Township,436,Camden County,39.6573556,-74.8623203,,,,,6
170,Woodlynne Borough,437,Camden County,39.916311,-75.094695,,,,,60
171,Avalon Borough,501,Cape May County,39.101225,-74.71766219999999,,,,,61
172,Cape May,502,Cape May County,38.9351125,-74.90600529999999,,,,,26
173,Cape May Point Borough,503,Cape May County,38.9373346,-74.9693418,,,,,18
174,Dennis Township,504,Cape May County,39.195862299999995,-74.8156199,,,,,13
175,Lower Township,505,Cape May County,38.9745287,-74.9003335,,,,,5
176,Middle Township,506,Cape May County,39.1201616,-74.8451915,,,,,1
177,North Wildwood,507,Cape May County,39.0006686,-74.79933299999999,,,,,65
178,Ocean City,508,Cape May County,39.277615600000004,-74.5746001,,,,,74
179,Sea Isle City,509,Cape May County,39.1534477,-74.6929387,,,,,51
180,Stone Harbor Borough,510,Cape May County,39.0464066,-74.7643608,,,,,47
181,Upper Township,511,Cape May County,39.232601,-74.7102958,,,,,17
182,West Cape May Borough,512,Cape May County,38.9443672,-74.9354909,,,,,28
183,West Wildwood Borough,513,Cape May County,39.002335200000005,-74.8243343,,,,,13
184,Wildwood,514,Cape May County,38.9917797,-74.81488940000001,,,,,81
185,Wildwood Crest Borough,515,Cape May County,38.9748351,-74.8335015,,,,,53
186,Woodbine Borough,516,Cape May County,39.2417813,-74.8151667,,,,,46
187,Bridgeton,601,Cumberland County,39.427337,-75.2340768,,,,,78
188,Commercial Township,602,Cumberland County,39.2759707,-75.0377502,,,,,0
189,Deerfield Township,603,Cumberland County,39.462134999999996,-75.1428632,,,,,1
190,Downe Township,604,Cumberland County,39.288168,-75.1311874,,,,,0
191,Fairfield Township,605,Cumberland County,39.3901309,-75.21289959999999,,,,,0
192,Greenwich Township,606,Cumberland County,39.3899304,-75.338263,,,,,11
193,Hopewell Township,607,Cumberland County,39.4397366,-75.2829046,,,,,0
194,Lawrence Township,608,Cumberland County,39.3262153,-75.18955759999999,,,,,8
195,Maurice River Township,609,Cumberland County,39.2592235,-74.98365840000001,,,,,12
196,Millville,610,Cumberland County,39.4020596,-75.0393438,,,,,69
197,Shiloh Borough,611,Cumberland County,39.4590032,-75.2990798,,,,,8
198,Stow Creek Township,612,Cumberland County,39.4487317,-75.35287790000001,,,,,2
199,Upper Deerfield Township,613,Cumberland County,39.5031256,-75.2245693,,,,,4
200,Vineland,614,Cumberland County,39.4863773,-75.0259637,,,,,80
201,Belleville Township,701,Essex County,40.7936744,-74.1500469,,,,,85
202,Bloomfield Township,702,Essex County,40.806754600000005,-74.1854209,,,,,63
203,Caldwell Borough,703,Essex County,40.8398218,-74.27653659999999,,,,,92
204,Cedar Grove Township,704,Essex County,40.8517876,-74.2290319,,,,,70
205,City of Orange Township,717,Essex County,40.7706187,-74.2326478,,,,,88
206,East Orange,705,Essex County,40.767323,-74.20486770000001,,,,,61
207,Essex Fells Borough,706,Essex County,40.82889779999999,-74.27955240000001,,,,,23
208,Fairfield Township,707,Essex County,40.8837406,-74.3059959,,,,,18
209,Glen Ridge Borough,708,Essex County,40.805378000000005,-74.2037566,,,,,65
210,Irvington Township,709,Essex County,40.7263249,-74.2286435,,,,,75
211,Livingston Township,710,Essex County,40.7862871,-74.3300842,,,,,18
212,Maplewood Township,711,Essex County,40.7299793,-74.271992,,,,,82
213,Millburn Township,712,Essex County,40.7340454,-74.3206696,,,,,21
214,Montclair Township,713,Essex County,40.825900700000005,-74.2090053,,,,,60
215,Newark,714,Essex County,40.735657,-74.1723667,,,,,94
216,North Caldwell Borough,715,Essex County,40.864821500000005,-74.2582027,,,,,8
217,Nutley Township,716,Essex County,40.822316799999996,-74.15987249999999,,,,,72
218,Roseland Borough,718,Essex County,40.8206555,-74.2937594,,,,,51
219,South Orange Village Township,719,Essex County,40.7489277,-74.26099029999999,,,,,58
220,Verona Township,720,Essex County,40.8298006,-74.2401609,,,,,81
221,West Caldwell Township,721,Essex County,40.8409329,-74.30181540000001,,,,,29
222,West Orange Township,722,Essex County,40.7985699,-74.23908279999999,,,,,43
223,Clayton Borough,801,Gloucester County,39.660114799999995,-75.0921197,,,,,62
224,Deptford Township,802,Gloucester County,39.822705400000004,-75.1195107,,,,,40
225,East Greenwich Township,803,Gloucester County,39.797599299999995,-75.2362381,,,,,2
226,Elk Township,804,Gloucester County,39.6644095,-75.1428632,,,,,1
227,Franklin Township,805,Gloucester County,39.600156,-75.0377502,,,,,1
228,Glassboro Borough,806,Gloucester County,39.702892299999995,-75.1118422,,,,,68
229,Greenwich Township,807,Gloucester County,39.8200838,-75.26186659999999,,,,,52
230,Harrison Township,808,Gloucester County,39.7296493,-75.207737,,,,,0
231,Logan Township,809,Gloucester County,39.7847179,-75.34918499999999,,,,,0
232,Mantua Township,810,Gloucester County,39.781832200000004,-75.1821597,,,,,45
233,Monroe Township,811,Gloucester County,39.6747922,-74.9910112,,,,,39
234,National Park Borough,812,Gloucester County,39.8692138,-75.18663959999999,,,,,36
235,Newfield Borough,813,Gloucester County,39.546504399999996,-75.0248964,,,,,24
236,Paulsboro Borough,814,Gloucester County,39.830391,-75.24046070000001,,,,,57
237,Pitman Borough,815,Gloucester County,39.732892,-75.13156509999999,,,,,67
238,South Harrison Township,816,Gloucester County,39.7001137,-75.2579635,,,,,2
239,Swedesboro Borough,817,Gloucester County,39.7476136,-75.31046540000001,,,,,52
240,Washington Township,818,Gloucester County,39.75613870000001,-75.07279559999999,,,,,49
241,Wenonah Borough,819,Gloucester County,39.794558200000004,-75.14878829999999,,,,,27
242,West Deptford Township,820,Gloucester County,39.831837799999995,-75.18955759999999,,,,,11
243,Westville Borough,821,Gloucester County,39.8666354,-75.1282683,,,,,52
244,Woodbury,822,Gloucester County,39.8381691,-75.15267740000002,,,,,81
245,Woodbury Heights Borough,823,Gloucester County,39.813545899999994,-75.145782,,,,,21
246,Woolwich Township,824,Gloucester County,39.737154,-75.3096289,,,,,6
247,Bayonne,901,Hudson County,40.6687141,-74.11430909999999,,,,,91
248,East Newark Borough,902,Hudson County,40.7497019,-74.16363129999999,,,,,80
249,Guttenberg,903,Hudson County,40.7920454,-74.0037505,,,,,91
250,Harrison,904,Hudson County,40.7464901,-74.1562551,,,,,82
251,Hoboken,905,Hudson County,40.7439905,-74.0323626,,,,,99
252,Jersey City,906,Hudson County,40.7177545,-74.0431435,,,,,99
253,Kearny,907,Hudson County,40.7684342,-74.1454214,,,,,76
254,North Bergen Township,908,Hudson County,40.8042674,-74.012084,,,,,86
255,Secaucus,909,Hudson County,40.7895453,-74.05652979999999,,,,,66
256,Union City,910,Hudson County,40.779545500000005,-74.02375119999999,,,,,98
257,Weehawken Township,911,Hudson County,40.7663711,-74.02537149999999,,,,,88
258,West New York,912,Hudson County,40.787878799999994,-74.0143064,,,,,97
259,Alexandria Township,1001,Hunterdon County,40.5908427,-75.0260667,,,,,0
260,Bethlehem Township,1002,Hunterdon County,40.6700352,-75.0034782,,,,,0
261,Bloomsbury Borough,1003,Hunterdon County,40.654239700000005,-75.0830157,,,,,31
262,Califon Borough,1004,Hunterdon County,40.719544799999994,-74.83572149999999,,,,,29
263,Clinton,1005,Hunterdon County,40.636768200000006,-74.90989,,,,,65
264,Clinton Township,1006,Hunterdon County,40.6306905,-74.8684564,,,,,2
265,Delaware Township,1007,Hunterdon County,40.4307258,-74.94425849999999,,,,,1
266,East Amwell Township,1008,Hunterdon County,40.443450799999994,-74.8156199,,,,,0
267,Flemington Borough,1009,Hunterdon County,40.5123258,-74.85933179999999,,,,,77
268,Franklin Township,1010,Hunterdon County,40.5655226,-74.9415319,,,,,15
269,Frenchtown Borough,1011,Hunterdon County,40.5300538,-75.0552739,,,,,47
270,Glen Gardner Borough,1012,Hunterdon County,40.6967671,-74.9407248,,,,,7
271,Hampton Borough,1013,Hunterdon County,40.707044599999996,-74.9560032,,,,,15
272,High Bridge Borough,1014,Hunterdon County,40.667337700000004,-74.89164579999999,,,,,29
273,Holland Township,1015,Hunterdon County,40.5945209,-75.11680129999999,,,,,19
274,Kingwood Township,1016,Hunterdon County,40.4698261,-75.0190585,,,,,7
275,Lambertville,1017,Hunterdon County,40.365939399999995,-74.94294479999999,,,,,86
276,Lebanon Borough,1018,Hunterdon County,40.641768299999995,-74.8359987,,,,,38
277,Lebanon Township,1019,Hunterdon County,40.7310187,-74.88579890000001,,,,,0
278,Milford Borough,1020,Hunterdon County,40.567384000000004,-75.09323520000001,,,,,51
279,Raritan Township,1021,Hunterdon County,40.5041636,-74.8974925,,,,,8
280,Readington Township,1022,Hunterdon County,40.5687141,-74.7376619,,,,,7
281,Stockton Borough,1023,Hunterdon County,40.407883,-74.9782238,,,,,31
282,Tewksbury Township,1024,Hunterdon County,40.6919174,-74.7833145,,,,,0
283,Union Township,1025,Hunterdon County,40.6299032,-74.9691811,,,,,19
284,West Amwell Township,1026,Hunterdon County,40.3731071,-74.88579890000001,,,,,0
285,East Windsor Township,1101,Mercer County,40.2677539,-74.5402506,,,,,58
286,Ewing Township,1102,Mercer County,40.2599864,-74.7909125,,,,,46
287,Hamilton Township,1103,Mercer County,40.2115109,-74.6796651,,,,,17
288,Hightstown Borough,1104,Mercer County,40.2695538,-74.5232089,,,,,66
289,Hopewell Borough,1105,Mercer County,40.389272600000005,-74.76182840000001,,,,,52
290,Hopewell Township,1106,Mercer County,40.343784,-74.8156199,,,,,2
291,Lawrence Township,1107,Mercer County,40.2778055,-74.7294313,,,,,31
292,Pennington Borough,1108,Mercer County,40.3284402,-74.790718,,,,,55
293,Princeton,1114,Mercer County,40.3572976,-74.66722259999999,,,,,70
294,Robbinsville Township,1112,Mercer County,40.2162036,-74.61953270000001,,,,,39
295,Trenton,1111,Mercer County,40.2205824,-74.75971700000001,,,,,79
296,West Windsor Township,1113,Mercer County,40.298326200000005,-74.618634,,,,,9
297,Carteret Borough,1201,Middlesex County,40.5773266,-74.2282005,,,,,71
298,Cranbury Township,1202,Middlesex County,40.3025907,-74.511172,,,,,9
299,Dunellen Borough,1203,Middlesex County,40.5875493,-74.46721690000001,,,,,80
300,East Brunswick Township,1204,Middlesex County,40.431695500000004,-74.4049778,,,,,23
301,Edison Township,1205,Middlesex County,40.5187154,-74.4120953,,,,,56
302,Helmetta Borough,1206,Middlesex County,40.376774100000006,-74.4245952,,,,,21
303,Highland Park Borough,1207,Middlesex County,40.502468,-74.4261821,,,,,83
304,Jamesburg Borough,1208,Middlesex County,40.3506684,-74.4437696,,,,,53
305,Metuchen Borough,1209,Middlesex County,40.546117100000004,-74.3646122,,,,,88
306,Middlesex Borough,1210,Middlesex County,40.572603,-74.4926541,,,,,57
307,Milltown Borough,1211,Middlesex County,40.4494047,-74.43790729999999,,,,,43
308,Monroe Township,1212,Middlesex County,40.336419,-74.4330474,,,,,6
309,New Brunswick,1213,Middlesex County,40.4862157,-74.4518188,,,,,80
310,North Brunswick Township,1214,Middlesex County,40.45251629999999,-74.47667120000001,,,,,25
311,Old Bridge Township,1215,Middlesex County,40.4128551,-74.307282,,,,,36
312,Perth Amboy,1216,Middlesex County,40.5067723,-74.2654234,,,,,85
313,Piscataway Township,1217,Middlesex County,40.554887,-74.4642861,,,,,28
314,Plainsboro Township,1218,Middlesex County,40.338254299999996,-74.58529200000001,,,,,33
315,Sayreville Borough,1219,Middlesex County,40.4594021,-74.360846,,,,,51
316,South Amboy,1220,Middlesex County,40.4778838,-74.290702,,,,,62
317,South Brunswick Township,1221,Middlesex County,40.3806901,-74.5316938,,,,,14
318,South Plainfield Borough,1222,Middlesex County,40.568290000000005,-74.41738769999999,,,,,45
319,South River Borough,1223,Middlesex County,40.446495,-74.38598309999999,,,,,74
320,Spotswood Borough,1224,Middlesex County,40.391774,-74.3984834,,,,,44
321,Woodbridge Township,1225,Middlesex County,40.557598600000006,-74.2846022,,,,,64
322,Aberdeen Township,1301,Monmouth County,40.4170948,-74.2221155,,,,,40
323,Allenhurst Borough,1302,Monmouth County,40.2362236,-74.0006925,,,,,41
324,Allentown Borough,1303,Monmouth County,40.1778886,-74.5834887,,,,,47
325,Asbury Park,1304,Monmouth County,40.2203907,-74.01208170000001,,,,,95
326,Atlantic Highlands Borough,1305,Monmouth County,40.4128545,-74.0329499,,,,,61
327,Avon-by-the-Sea Borough,1306,Monmouth County,40.1923357,-74.01597029999999,,,,,52
328,Belmar Borough,1307,Monmouth County,40.177992200000006,-74.0270745,,,,,91
329,Bradley Beach Borough,1308,Monmouth County,40.2012739,-74.01532309999999,,,,,84
330,Brielle Borough,1309,Monmouth County,40.103078100000005,-74.06232440000001,,,,,28
331,Colts Neck Township,1310,Monmouth County,40.287610799999996,-74.1723652,,,,,31
332,Deal Borough,1311,Monmouth County,40.243168,-74.0006927,,,,,29
333,Eatontown Borough,1312,Monmouth County,40.2962222,-74.0509725,,,,,48
334,Englishtown Borough,1313,Monmouth County,40.297331899999996,-74.3582041,,,,,42
335,Fair Haven Borough,1314,Monmouth County,40.3606653,-74.0381947,,,,,72
336,Farmingdale Borough,1315,Monmouth County,40.1965018,-74.1684757,,,,,52
337,Freehold Borough,1316,Monmouth County,40.260111,-74.2737573,,,,,90
338,Freehold Township,1317,Monmouth County,40.21367539999999,-74.3000878,,,,,10
339,Hazlet Township,1318,Monmouth County,40.4289526,-74.16509909999999,,,,,37
340,Highlands Borough,1319,Monmouth County,40.40372,-73.991527,,,,,57
341,Holmdel Township,1320,Monmouth County,40.3451095,-74.1840322,,,,,23
342,Howell Township,1321,Monmouth County,40.1645785,-74.2082671,,,,,1
343,Interlaken Borough,1322,Monmouth County,40.2350362,-74.0169578,,,,,33
344,Keansburg Borough,1323,Monmouth County,40.4467881,-74.1328046,,,,,57
345,Keyport Borough,1324,Monmouth County,40.4331631,-74.19958829999999,,,,,71
346,Lake Como Borough,1346,Monmouth County,40.170744299999996,-74.0274216,,,,,78
347,Little Silver Borough,1325,Monmouth County,40.336776799999996,-74.0470837,,,,,58
348,Loch Arbour Village,1326,Monmouth County,40.232890399999995,-74.00097029999999,,,,,50
349,Long Branch,1327,Monmouth County,40.3042778,-73.99235959999999,,,,,81
350,Manalapan Township,1328,Monmouth County,40.2859203,-74.348582,,,,,7
351,Manasquan Borough,1329,Monmouth County,40.113692799999995,-74.0376355,,,,,28
352,Marlboro Township,1330,Monmouth County,40.338094899999994,-74.2687291,,,,,3
353,Matawan Borough,1331,Monmouth County,40.41483,-74.2295891,,,,,62
354,Middletown Township,1332,Monmouth County,40.396801200000006,-74.0915982,,,,,14
355,Millstone Township,1333,Monmouth County,40.2015266,-74.4291135,,,,,4
356,Monmouth Beach Borough,1334,Monmouth County,40.3345201,-73.9888797,,,,,19
357,Neptune City Borough,1336,Monmouth County,40.2005472,-74.0314165,,,,,73
358,Neptune Township,1335,Monmouth County,40.2091219,-74.0386271,,,,,59
359,Ocean Township,1337,Monmouth County,40.2479729,-74.029843,,,,,20
360,Oceanport Borough,1338,Monmouth County,40.318166299999994,-74.0151382,,,,,18
361,Red Bank Borough,1339,Monmouth County,40.347054299999996,-74.0643065,,,,,89
362,Roosevelt Borough,1340,Monmouth County,40.2200405,-74.4730782,,,,,6
363,Rumson Borough,1341,Monmouth County,40.3701706,-73.99475629999999,,,,,54
364,Sea Bright Borough,1342,Monmouth County,40.361498700000006,-73.9740262,,,,,51
365,Sea Girt Borough,1343,Monmouth County,40.1320592,-74.0345813,,,,,44
366,Shrewsbury Borough,1344,Monmouth County,40.3245731,-74.0593872,,,,,53
367,Shrewsbury Township,1345,Monmouth County,40.3141376,-74.0714893,,,,,44
368,Spring Lake Borough,1347,Monmouth County,40.1534476,-74.0281925,,,,,60
369,Spring Lake Heights Borough,1348,Monmouth County,40.1505348,-74.0447003,,,,,33
370,Tinton Falls Borough,1349,Monmouth County,40.304277299999995,-74.1004185,,,,,30
371,Union Beach Borough,1350,Monmouth County,40.446496200000006,-74.1781988,,,,,35
372,Upper Freehold Township,1351,Monmouth County,40.174405,-74.5228916,,,,,0
373,Wall Township,1352,Monmouth County,40.160666600000006,-74.0679753,,,,,14
374,West Long Branch Borough,1353,Monmouth County,40.2880685,-74.01238509999999,,,,,47
375,Boonton,1401,Morris County,40.904019,-74.40874050000001,,,,,72
376,Boonton Township,1402,Morris County,40.9293994,-74.4300912,,,,,7
377,Butler Borough,1403,Morris County,41.003708700000004,-74.3415394,,,,,72
378,Chatham Borough,1404,Morris County,40.740934,-74.38376240000001,,,,,84
379,Chatham Township,1405,Morris County,40.7265893,-74.4172591,,,,,4
380,Chester Borough,1406,Morris County,40.7842667,-74.69682840000002,,,,,58
381,Chester Township,1407,Morris County,40.765288299999995,-74.69858909999999,,,,,3
382,Denville Township,1408,Morris County,40.892321200000005,-74.4773775,,,,,67
383,Dover,1409,Morris County,40.883988,-74.56210250000001,,,,,83
384,East Hanover Township,1410,Morris County,40.8200623,-74.3647247,,,,,34
385,Florham Park Borough,1411,Morris County,40.787878000000006,-74.38820720000001,,,,,58
386,Hanover Township,1412,Morris County,40.8257746,-74.41738769999999,,,,,44
387,Harding Township,1413,Morris County,40.739768299999994,-74.511172,,,,,2
388,Jefferson Township,1414,Morris County,41.002989299999996,-74.5580454,,,,,1
389,Kinnelon Borough,1415,Morris County,41.0017644,-74.36709599999999,,,,,49
390,Lincoln Park Borough,1416,Morris County,40.9242652,-74.3020933,,,,,67
391,Long Hill Township,1430,Morris County,40.682889200000005,-74.49359129999999,,,,,4
392,Madison Borough,1417,Morris County,40.7598227,-74.417097,,,,,88
393,Mendham Borough,1418,Morris County,40.7759334,-74.6007142,,,,,42
394,Mendham Township,1419,Morris County,40.7870633,-74.5765686,,,,,13
395,Mine Hill Township,1420,Morris County,40.877876799999996,-74.59377009999999,,,,,21
396,Montville Township,1421,Morris County,40.914820899999995,-74.383763,,,,,31
397,Morris Plains Borough,1423,Morris County,40.839592200000006,-74.4818698,,,,,13
398,Morris Township,1422,Morris County,40.793383299999995,-74.505312,,,,,8
399,Morristown,1424,Morris County,40.7967667,-74.4815438,,,,,93
400,Mount Arlington Borough,1426,Morris County,40.925931899999995,-74.6348828,,,,,29
401,Mount Olive Township,1427,Morris County,40.8514881,-74.73294109999999,,,,,3
402,Mountain Lakes Borough,1425,Morris County,40.8948212,-74.4329314,,,,,24
403,Netcong Borough,1428,Morris County,40.898987700000006,-74.7065516,,,,,65
404,Parsippany-Troy Hills Township,1429,Morris County,40.865286499999996,-74.41738769999999,,,,,52
405,Pequannock Township,1431,Morris County,40.960201,-74.29732390000001,,,,,35
406,Randolph Township,1432,Morris County,40.8478065,-74.5747248,,,,,4
407,Riverdale Borough,1433,Morris County,40.9939865,-74.3034823,,,,,44
408,Rockaway Borough,1434,Morris County,40.9012101,-74.5143232,,,,,64
409,Rockaway Township,1435,Morris County,40.9300943,-74.4872422,,,,,14
410,Roxbury Township,1436,Morris County,40.86932720000001,-74.663464,,,,,1
411,Victory Gardens Borough,1437,Morris County,40.875932500000005,-74.5423796,,,,,46
412,Washington Township,1438,Morris County,40.7695876,-74.80392049999999,,,,,0
413,Wharton Borough,1439,Morris County,40.8931546,-74.58182540000001,,,,,48
414,Barnegat Light Borough,1502,Ocean County,39.757620200000005,-74.10624659999999,,,,,36
415,Barnegat Township,1501,Ocean County,39.7649223,-74.2693297,,,,,8
416,Bay Head Borough,1503,Ocean County,40.0717828,-74.0543036,,,,,46
417,Beach Haven Borough,1504,Ocean County,39.5592848,-74.2431962,,,,,57
418,Beachwood Borough,1505,Ocean County,39.939006899999995,-74.1929188,,,,,73
419,Berkeley Township,1506,Ocean County,39.89719960000001,-74.1827119,,,,,0
420,Brick Township,1507,Ocean County,40.057838399999994,-74.13718320000001,,,,,70
421,Eagleswood Township,1509,Ocean County,39.6521468,-74.3000878,,,,,16
422,Harvey Cedars Borough,1510,Ocean County,39.706231,-74.1340253,,,,,27
423,Island Heights Borough,1511,Ocean County,39.9406089,-74.1370445,,,,,18
424,Jackson Township,1512,Ocean County,40.0918895,-74.3587473,,,,,0
425,Lacey Township,1513,Ocean County,39.8726184,-74.2951444,,,,,0
426,Lakehurst Borough,1514,Ocean County,40.014561,-74.3112574,,,,,43
427,Lakewood Township,1515,Ocean County,40.082128999999995,-74.20970140000001,,,,,45
428,Lavallette Borough,1516,Ocean County,39.9703958,-74.0687475,,,,,49
429,Little Egg Harbor Township,1517,Ocean County,39.610849200000004,-74.3572646,,,,,17
430,Long Beach Township,1518,Ocean County,39.615500899999994,-74.199545,,,,,25
431,Manchester Township,1519,Ocean County,39.971169599999996,-74.3392821,,,,,2
432,Mantoloking Borough,1520,Ocean County,40.0392835,-74.0498585,,,,,2
433,Ocean Gate Borough,1522,Ocean County,39.926784999999995,-74.13374959999999,,,,,33
434,Ocean Township,1521,Ocean County,39.7904391,-74.2176448,,,,,2
435,Pine Beach Borough,1523,Ocean County,39.9359515,-74.1709735,,,,,28
436,Plumsted Township,1524,Ocean County,40.047947799999996,-74.4760088,,,,,0
437,Point Pleasant Beach Borough,1526,Ocean County,40.0912268,-74.0479146,,,,,85
438,Point Pleasant Borough,1525,Ocean County,40.0831714,-74.0681931,,,,,60
439,Seaside Heights Borough,1527,Ocean County,39.943704700000005,-74.07370870000001,,,,,62
440,Seaside Park Borough,1528,Ocean County,39.926785200000005,-74.0770806,,,,,35
441,Ship Bottom Borough,1529,Ocean County,39.642897,-74.18041590000001,,,,,44
442,South Toms River Borough,1530,Ocean County,39.9420625,-74.2043082,,,,,38
443,Stafford Township,1531,Ocean County,39.7046713,-74.2632784,,,,,20
444,Surf City Borough,1532,Ocean County,39.660428700000004,-74.1674458,,,,,41
445,Toms River Township,1508,Ocean County,39.9537358,-74.1979458,,,,,68
446,Tuckerton Borough,1533,Ocean County,39.603173999999996,-74.34014499999999,,,,,49
447,Bloomingdale Borough,1601,Passaic County,41.002041999999996,-74.3265388,,,,,66
448,Clifton,1602,Passaic County,40.858432799999996,-74.16375529999999,,,,,32
449,Haledon Borough,1603,Passaic County,40.935654,-74.186256,,,,,73
450,Hawthorne Borough,1604,Passaic County,40.9616599,-74.1533563,,,,,66
451,Little Falls Township,1605,Passaic County,40.869010100000004,-74.2082286,,,,,16
452,North Haledon Borough,1606,Passaic County,40.966604100000005,-74.1885825,,,,,41
453,Passaic,1607,Passaic County,40.8567662,-74.12847640000001,,,,,95
454,Paterson,1608,Passaic County,40.916765399999996,-74.171811,,,,,99
455,Pompton Lakes Borough,1609,Passaic County,41.002296799999996,-74.28541990000001,,,,,75
456,Prospect Park Borough,1610,Passaic County,40.93704279999999,-74.1743111,,,,,66
457,Ringwood Borough,1611,Passaic County,41.1134289,-74.2454254,,,,,14
458,Totowa Borough,1612,Passaic County,40.9025415,-74.223802,,,,,25
459,Wanaque Borough,1613,Passaic County,41.0381525,-74.2940378,,,,,31
460,Wayne Township,1614,Passaic County,40.925372499999995,-74.2765441,,,,,25
461,West Milford Township,1615,Passaic County,41.131129200000004,-74.36732540000001,,,,,56
462,Woodland Park Borough,1616,Passaic County,40.88982120000001,-74.1948674,,,,,27
463,Alloway Township,1701,Salem County,39.5556617,-75.31789520000001,,,,,1
464,Carneys Point Township,1702,Salem County,39.7111989,-75.4701443,,,,,42
465,Elmer Borough,1703,Salem County,39.5951147,-75.1701819,,,,,52
466,Elsinboro Township,1704,Salem County,39.5273861,-75.4927278,,,,,0
467,Lower Alloways Creek Township,1705,Salem County,39.4519933,-75.4577775,,,,,0
468,Mannington Township,1706,Salem County,39.6127356,-75.4086309,,,,,0
469,Oldmans Township,1707,Salem County,39.740930799999994,-75.42281899999999,,,,,0
470,Penns Grove Borough,1708,Salem County,39.7295581,-75.4679734,,,,,61
471,Pennsville Township,1709,Salem County,39.628451399999996,-75.4984978,,,,,1
472,Green Township,1908,Sussex County,40.9708921,-74.788226,,,,,0
473,Pilesgrove Township,1710,Salem County,39.6531394,-75.31464390000001,,,,,23
474,Pittsgrove Township,1711,Salem County,39.5314846,-75.1311874,,,,,2
475,Quinton Township,1712,Salem County,39.532777,-75.3761952,,,,,0
476,Salem,1713,Salem County,39.571779600000006,-75.46714229999999,,,,,57
477,Upper Pittsgrove Township,1714,Salem County,39.6245187,-75.2245693,,,,,1
478,Woodstown Borough,1715,Salem County,39.6515027,-75.3282454,,,,,54
479,Bedminster Township,1801,Somerset County,40.669264,-74.6804,,,,,0
480,Bernards Township,1802,Somerset County,40.6669335,-74.5580454,,,,,6
481,Bernardsville Borough,1803,Somerset County,40.7187119,-74.569324,,,,,82
482,Bound Brook Borough,1804,Somerset County,40.5674044,-74.53753990000001,,,,,62
483,Branchburg Township,1805,Somerset County,40.5868114,-74.69858909999999,,,,,5
484,Bridgewater Township,1806,Somerset County,40.5939636,-74.6049061,,,,,20
485,Far Hills Borough,1807,Somerset County,40.684267999999996,-74.63571479999999,,,,,43
486,Franklin Township,1808,Somerset County,40.4933734,-74.5228916,,,,,21
487,Green Brook Township,1809,Somerset County,40.604916700000004,-74.48516590000001,,,,,4
488,Hillsborough Township,1810,Somerset County,40.5106322,-74.6472522,,,,,36
489,Manville Borough,1811,Somerset County,40.5409367,-74.5876569,,,,,64
490,Millstone Borough,1812,Somerset County,40.4992706,-74.5887678,,,,,18
491,Montgomery Township,1813,Somerset County,40.4329141,-74.663464,,,,,4
492,North Plainfield Borough,1814,Somerset County,40.6301025,-74.4273743,,,,,45
493,Peapack-Gladstone Borough,1815,Somerset County,40.7151691,-74.65760909999999,,,,,24
494,Raritan Borough,1816,Somerset County,40.5695474,-74.6329363,,,,,83
495,Rocky Hill Borough,1817,Somerset County,40.3998283,-74.63432440000001,,,,,31
496,Somerville Borough,1818,Somerset County,40.5742696,-74.60988,,,,,64
497,South Bound Brook Borough,1819,Somerset County,40.5534364,-74.531544,,,,,57
498,Warren Township,1820,Somerset County,40.6342489,-74.50047959999999,,,,,18
499,Watchung Borough,1821,Somerset County,40.637879999999996,-74.4509863,,,,,36
500,Andover Borough,1901,Sussex County,40.9859311,-74.7421089,,,,,24
501,Andover Township,1902,Sussex County,41.0155479,-74.7295522,,,,,0
502,Branchville Borough,1903,Sussex County,41.1464852,-74.7523874,,,,,29
503,Byram Township,1904,Sussex County,40.9601024,-74.7227291,,,,,2
504,Frankford Township,1905,Sussex County,41.166277799999996,-74.7454112,,,,,0
505,Franklin Borough,1906,Sussex County,41.1220409,-74.5804378,,,,,48
506,Hamburg Borough,1909,Sussex County,41.1534294,-74.5762713,,,,,42
507,Hampton Township,1910,Sussex County,41.1087588,-74.8011315,,,,,0
508,Hardyston Township,1911,Sussex County,41.1137037,-74.5540506,,,,,0
509,Hopatcong Borough,1912,Sussex County,40.9328762,-74.6593281,,,,,45
510,Lafayette Township,1913,Sussex County,41.0984301,-74.6884965,,,,,24
511,Montague Township,1914,Sussex County,41.2956937,-74.7839936,,,,,4
512,Newton,1915,Sussex County,41.0581527,-74.7526651,,,,,81
513,Ogdensburg Borough,1916,Sussex County,41.0817636,-74.5923824,,,,,28
514,Sandyston Township,1917,Sussex County,41.2147006,-74.805317,,,,,2
515,Sparta Township,1918,Sussex County,41.0360977,-74.63670570000001,,,,,57
516,Stanhope Borough,1919,Sussex County,40.911528499999996,-74.7015158,,,,,21
517,Stillwater Township,1920,Sussex County,41.0355622,-74.87631209999999,,,,,3
518,Sussex Borough,1921,Sussex County,41.2098177,-74.60766140000001,,,,,52
519,Vernon Township,1922,Sussex County,41.1947018,-74.49379429999999,,,,,31
520,Walpack Township,1923,Sussex County,41.1292544,-74.9091853,,,,,3
521,Wantage Township,1924,Sussex County,41.256842999999996,-74.6166192,,,,,0
522,Berkeley Heights Township,2001,Union County,40.6808726,-74.43105240000001,,,,,46
523,Clark Township,2002,Union County,40.6278031,-74.3127631,,,,,69
524,Cranford Township,2003,Union County,40.65842120000001,-74.2995928,,,,,68
525,Elizabeth,2004,Union County,40.6639916,-74.2107006,,,,,94
526,Fanwood Borough,2005,Union County,40.640935799999994,-74.383484,,,,,70
527,Garwood Borough,2006,Union County,40.651769099999996,-74.32292640000001,,,,,86
528,Hillside Township,2007,Union County,40.6955044,-74.2287333,,,,,76
529,Kenilworth Borough,2008,Union County,40.6764911,-74.2907032,,,,,84
530,Linden,2009,Union County,40.6220478,-74.2445902,,,,,61
531,Mountainside Borough,2010,Union County,40.672324200000006,-74.3573722,,,,,34
532,New Providence Borough,2011,Union County,40.6984348,-74.4015405,,,,,65
533,Plainfield,2012,Union County,40.6337136,-74.40737359999999,,,,,59
534,Rahway,2013,Union County,40.6081591,-74.2776468,,,,,71
535,Roselle Borough,2014,Union County,40.6645469,-74.2643133,,,,,71
536,Roselle Park Borough,2015,Union County,40.6640714,-74.26781690000001,,,,,74
537,Scotch Plains Township,2016,Union County,40.6400404,-74.36901800000001,,,,,38
538,Springfield Township,2017,Union County,40.70169370000001,-74.3222146,,,,,39
539,Summit,2018,Union County,40.714637599999996,-74.3646122,,,,,76
540,Union Township,2019,Union County,40.697589799999996,-74.2631635,,,,,89
541,Westfield,2020,Union County,40.6589912,-74.34737170000001,,,,,64
542,Winfield Township,2021,Union County,40.636214,-74.2884806,,,,,30
543,Allamuchy Township,2101,Warren County,40.921765,-74.81016640000001,,,,,17
544,Alpha Borough,2102,Warren County,40.6643908,-75.1548362,,,,,49
545,Belvidere,2103,Warren County,40.82982,-75.0776747,,,,,49
546,Blairstown Township,2104,Warren County,40.9831018,-74.9589405,,,,,49
547,Franklin Township,2105,Warren County,40.7214598,-75.0377502,,,,,0
548,Frelinghuysen Township,2106,Warren County,40.968410299999995,-74.88579890000001,,,,,1
549,Greenwich Township,2107,Warren County,40.6826198,-75.1195107,,,,,2
550,Hackettstown,2108,Warren County,40.85398789999999,-74.82905550000001,,,,,79
551,Hardwick Township,2109,Warren County,41.0543894,-74.93261290000001,,,,,0
552,Harmony Township,2110,Warren County,40.746765,-75.1373974,,,,,8
553,Hope Township,2111,Warren County,40.911118200000004,-74.96736259999999,,,,,29
554,Independence Township,2112,Warren County,40.8893883,-74.88579890000001,,,,,0
555,Knowlton Township,2113,Warren County,40.9308948,-75.0273583,,,,,0
556,Liberty Township,2114,Warren County,40.859187899999995,-74.95594799999999,,,,,0
557,Lopatcong Township,2115,Warren County,40.7127921,-75.1603752,,,,,8
558,Mansfield Township,2116,Warren County,40.8217167,-74.8974925,,,,,0
559,Oxford Township,2117,Warren County,40.8132568,-74.999813,,,,,0
560,Phillipsburg,2119,Warren County,40.6937099,-75.19017609999999,,,,,61
561,Pohatcong Township,2120,Warren County,40.6333553,-75.1603752,,,,,2
562,Washington Borough,2121,Warren County,40.7584326,-74.9793378,,,,,68
563,Washington Township,2122,Warren County,40.769917299999996,-74.98846800000001,,,,,17
564,White Township,2123,Warren County,40.812194899999994,-75.0494329,,,,,2
