,Rank,School,Type,Grades,Address,City,Zip,District,Is Charter,Is Magnet,Is Virtual,Is Title I,Phone,Full_Address,Latitude,Longitude
0,1,Academy For Information Technology,Public,12-Sep,1776 Raritan Road,Scotch Plains,7076,Union County Vocational-Technical School District,No,(n/a),No,No,(908) 889-8288,"1776 Raritan Road, Scotch Plains, NJ 07076",40.6180513,-74.3570355
1,2,Union County Magnet High School,Public,12-Sep,1776 Raritan Road,Scotch Plains,7076,Union County Vocational-Technical School District,No,(n/a),No,No,(908) 889-8288,"1776 Raritan Road, Scotch Plains, NJ 07076",40.6180513,-74.3570355
2,3,Middlesex County Vocational Academy Math Science &Engineering Techn,Public,12-Sep,100 Technology Drive,Edison,8837,Middlesex County Vocational and Technical School District,No,(n/a),No,No,(732) 452-2600,"100 Technology Drive, Edison, NJ 08837",40.5045558,-74.36955019999999
3,4,Academy For Allied Health Sciences,Public,12-Sep,1776 Raritan Road,Scotch Plains,7076,Union County Vocational-Technical School District,No,(n/a),No,Yes,(908) 889-8288,"1776 Raritan Road, Scotch Plains, NJ 07076",40.6180513,-74.3570355
4,5,Communications High School,Public,12-Sep,1740 New Bedford Road,Wall,7719,Monmouth County Vocational School District,No,(n/a),No,No,(732) 681-1010,"1740 New Bedford Road, Wall, NJ 07719",40.16990089999999,-74.0620491
5,6,Monmouth County Academy of Allied Health and Science,Public,12-Sep,2325 Heck Avenue,Neptune,7753,Monmouth County Vocational School District,No,(n/a),No,No,(732) 775-0058,"2325 Heck Avenue, Neptune, NJ 07753",40.21468180000001,-74.0378187
6,7,Bergen County Academies,Public,12-Sep,200 Hackensack Avenue,Hackensack,7601,Bergen County Vocational Technical School District,No,(n/a),No,No,(201) 343-6000,"200 Hackensack Avenue, Hackensack, NJ 07601",40.9017414,-74.0335932
7,8,Biotechnology High School,Public,12-Sep,5000 Kozloski Road,Freehold,7728,Monmouth County Vocational School District,No,(n/a),No,No,(732) 431-7942,"5000 Kozloski Road, Freehold, NJ 07728",40.2611895,-74.2510375
8,9,Hunterdon County Academies,Public,12-Sep,1445 State Route 31,Annandale,8801,Hunterdon County Vocational School District,No,(n/a),No,No,(908) 788-1119,"1445 State Route 31, Annandale, NJ 08801",40.6280379,-74.8834779
9,10,Union County Technical,Public,12-Sep,1776 Raritan Rd,Scotch Plains,7076,Union County Vocational-Technical School District,No,(n/a),No,Yes,(908) 889-8288,"1776 Raritan Rd, Scotch Plains, NJ 07076",40.6180513,-74.3570355
10,11,High Technology High School,Public,12-Sep,765 Newman Springs Road,Lincroft,7738,Monmouth County Vocational School District,No,(n/a),No,No,(732) 842-8444,"765 Newman Springs Road, Lincroft, NJ 07738",40.3263561,-74.1311317
11,12,Academy for Mathematics Science and Engineering,Public,12-Sep,520 West Main Street,Rockaway,7866,Morris County Vocational School District,No,(n/a),No,No,(973) 664-2301,"520 West Main Street, Rockaway, NJ 07866",40.890836,-74.52918
12,13,Academy for Biotechnology,Public,12-Sep,96 Powerville Road,Mountain Lakes,7046,Morris County Vocational School District,No,(n/a),No,No,(973) 334-8480,"96 Powerville Road, Mountain Lakes, NJ 07046",40.8952526,-74.42718980000001
13,14,Bergen County Technical High School - Teterboro,Public,12-Sep,504 Route 46 West,Teterboro,7608,Bergen County Vocational Technical School District,No,(n/a),No,Yes,(201) 343-6000,"504 Route 46 West, Teterboro, NJ 07608",40.8604412,-74.0547977
14,15,Morris County School of Technology,Public,12-Sep,400 East Main Street,Denville,7834,Morris County Vocational School District,No,(n/a),No,No,(973) 627-4600,"400 East Main Street, Denville, NJ 07834",40.8785707,-74.4791225
15,16,Dr Ronald McNair High School,Public,12-Sep,123 Coles Street,Jersey City,7302,Jersey City Public Schools,No,(n/a),No,Yes,(201) 418-7617,"123 Coles Street, Jersey City, NJ 07302",40.72683019999999,-74.0474017
16,17,Middlesex County Vocational Academy Allied Health & Biomedical Science,Public,12-Aug,1 Convery Boulevard,Woodbridge,7095,Middlesex County Vocational and Technical School District,No,(n/a),No,No,(732) 634-5858,"1 Convery Boulevard, Woodbridge, NJ 07095",40.5406408,-74.278351
17,18,Marine Academy Of Science And Technology,Public,12-Sep,305 Mast Way,Highlands,7732,Monmouth County Vocational School District,No,(n/a),No,No,(732) 291-0995,"305 Mast Way, Highlands, NJ 07732",40.4602808,-73.9996845
18,19,Academy for Environmental Science,Public,12-Sep,1010 Weldon Road,Oak Ridge,7438,Morris County Vocational School District,No,(n/a),No,No,(973) 697-3535,"1010 Weldon Road, Oak Ridge, NJ 07438",41.0165134,-74.5535337
19,20,Northern Valley Regional High School At Demarest,Public,12-Sep,150 Knickerbocker Road,Demarest,7627,Northern Valley Regional High School District,No,(n/a),No,Yes,(201) 768-3200,"150 Knickerbocker Road, Demarest, NJ 07627",40.9625641,-73.9740798
20,21,Marine Academy of Technology and Environmental Science,Public,12-Sep,195 Cedar Bridge Road,Manahawkin,8050,Ocean County Vocational Technical School District,No,(n/a),No,No,(609) 978-8439,"195 Cedar Bridge Road, Manahawkin, NJ 08050",39.7162774,-74.25566800000001
21,22,Summit High School,Public,12-Sep,125 Kent Place Blvd,Summit,7901,Summit Public School District,No,(n/a),No,Yes,(908) 273-1494,"125 Kent Place Blvd, Summit, NJ 07901",40.720822,-74.370617
22,23,Pascack Hills High School,Public,12-Sep,225 West Grand Avenue,Montvale,7645,Pascack Valley Regional High School District,No,(n/a),No,No,(201) 358-7020,"225 West Grand Avenue, Montvale, NJ 07645",41.0495456,-74.0495917
23,24,Academy For Performing Arts,Public,12-Sep,1776 Raritan Road,Scotch Plains,7076,Union County Vocational-Technical School District,No,(n/a),No,Yes,(908) 889-8288,"1776 Raritan Road, Scotch Plains, NJ 07076",40.6180513,-74.3570355
24,25,Technology High School,Public,12-Sep,223 Broadway,Newark,7102,Newark Public School District,No,(n/a),No,Yes,(973) 481-5962,"223 Broadway, Newark, NJ 07102",40.7573799,-74.16908959999999
25,26,Glen Ridge High School,Public,12-Jul,200 Ridgewood Ave,Glen Ridge,7028,Glen Ridge Public School District,No,(n/a),No,No,(973) 429-8303,"200 Ridgewood Ave, Glen Ridge, NJ 07028",40.7993268,-74.2064682
26,27,Northern Valley Regional High School at Old Tappan,Public,12-Sep,140 Central Avenue,Old Tappan,7675,Northern Valley Regional High School District,No,(n/a),No,Yes,(201) 784-1600,"140 Central Avenue, Old Tappan, NJ 07675",41.009123,-73.97879
27,28,New Providence High School,Public,12-Sep,35 Pioneer Dr,New Providence,7974,New Providence School District,No,(n/a),No,Yes,(908) 464-4700,"35 Pioneer Dr, New Providence, NJ 07974",40.7006081,-74.4087203
28,29,Infinity Institute,Public,12-Jun,193 Old Bergen Road,Jersey City,7305,Jersey City Public Schools,No,(n/a),No,Yes,(201) 915-1404,"193 Old Bergen Road, Jersey City, NJ 07305",40.6963392,-74.09413839999999
29,30,John P. Stevens High School,Public,12-Sep,855 Grove Avenue,Edison,8820,Edison Township School District,No,(n/a),No,No,(732) 452-2800,"855 Grove Avenue, Edison, NJ 08820",40.5802663,-74.3614965
30,31,River Dell Regional High School,Public,12-Sep,55 Pyle Street,Oradell,7649,River Dell Regional School District,No,(n/a),No,No,(201) 599-7240,"55 Pyle Street, Oradell, NJ 07649",40.9443083,-74.0363466
31,32,Northern Highlands Regional High School,Public,12-Sep,298 Hillside Ave,Allendale,7401,Northern Highlands Regional High School District,No,(n/a),No,Yes,(201) 327-8700,"298 Hillside Ave, Allendale, NJ 07401",41.0357203,-74.1437679
32,33,West Morris Central High School,Public,12-Sep,259 Bartley Road,Chester,7930,West Morris Regional High School District,No,(n/a),No,No,(908) 879-5212,"259 Bartley Road, Chester, NJ 07930",40.8122949,-74.7292699
33,34,Ridge High School,Public,12-Sep,268 South Finley Avenue,Basking Ridge,7920,Bernards Township School District,No,(n/a),No,No,(908) 204-2585,"268 South Finley Avenue, Basking Ridge, NJ 07920",40.6943602,-74.5468722
34,35,Haddonfield Memorial High School,Public,12-Sep,401 Kings Highway East,Haddonfield,8033,Haddonfield School District,No,(n/a),No,No,(856) 429-3960,"401 Kings Highway East, Haddonfield, NJ 08033",39.9019489,-75.0264294
35,36,Millburn High School,Public,12-Sep,462 Millburn Ave,Millburn,7041,Millburn Township School District,No,(n/a),No,No,(973) 564-7130,"462 Millburn Ave, Millburn, NJ 07041",40.7204896,-74.31569569999999
36,37,West Morris Mendham High School,Public,12-Sep,65 East Main Street,Mendham,7945,West Morris Regional High School District,No,(n/a),No,No,(973) 543-2501,"65 East Main Street, Mendham, NJ 07945",40.7761621,-74.5920761
37,38,Moorestown High School,Public,12-Sep,350 Bridgeboro Road,Moorestown,8057,Moorestown Township Public School District,No,(n/a),No,No,(856) 778-6610,"350 Bridgeboro Road, Moorestown, NJ 08057",39.9857575,-74.94460819999999
38,39,Livingston High School,Public,12-Sep,30 Robert Harp Drive,Livingston,7039,Livingston Board of Education School District,No,(n/a),No,Yes,(973) 535-8000,"30 Robert Harp Drive, Livingston, NJ 07039",40.7839726,-74.3209948
39,40,Montgomery High School,Public,12-Sep,1016 Route 601,Skillman,8558,Montgomery Township School District,No,(n/a),No,Yes,(609) 466-7602,"1016 Route 601, Skillman, NJ 08558",40.4174592,-74.7064384
40,41,West Essex High School,Public,12-Sep,65 West Greenbrook Rd,North Caldwell,7006,West Essex Regional School District,No,(n/a),No,Yes,(973) 228-1200,"65 West Greenbrook Rd, North Caldwell, NJ 07006",40.8745177,-74.26920369999999
41,42,Tenafly High School,Public,12-Sep,19 Columbus Drive,Tenafly,7670,Tenafly Public School District,No,(n/a),No,Yes,(201) 816-6614,"19 Columbus Drive, Tenafly, NJ 07670",40.9332115,-73.9662898
42,43,Whippany Park High School,Public,12-Sep,165 Whippany Road,Whippany,7981,Hanover Park Regional High School District,No,(n/a),No,No,(973) 887-3004,"165 Whippany Road, Whippany, NJ 07981",40.8142162,-74.42370869999999
43,44,Ridgewood High School,Public,12-Sep,627 East Ridgewood Ave,Ridgewood,7451,Ridgewood Public School District,No,(n/a),No,No,(201) 670-2800,"627 East Ridgewood Ave, Ridgewood, NJ 07451",40.977754,-74.105593
44,45,Ramapo High School,Public,12-Sep,331 George Street,Franklin Lakes,7417,Ramapo Indian Hills Regional High School District,No,(n/a),No,No,(201) 891-1500,"331 George Street, Franklin Lakes, NJ 07417",40.9981332,-74.1926112
45,46,John F. Scarpa Technical Education Center of Cumberland Coun,Public,12-Sep,3400 College Drive,Vineland,8360,Cumberland County Board of Vocational Education,No,(n/a),No,Yes,(856) 451-9000,"3400 College Drive, Vineland, NJ 08360",39.4352094,-75.055202
46,47,Montville Township High School,Public,12-Sep,100 Horseneck Road,Montville,7045,Montville Township School District,No,(n/a),No,No,(973) 331-7100,"100 Horseneck Road, Montville, NJ 07045",40.8933696,-74.3604198
47,48,Fair Lawn High School,Public,12-Sep,14 00 Berdan Avenue,Fair Lawn,7410,Fair Lawn Public School District,No,(n/a),No,No,(201) 794-5455,"14 00 Berdan Avenue, Fair Lawn, NJ 07410",40.93258670000001,-74.1245849
48,49,Westfield Senior High School,Public,12-Sep,550 Dorian Road,Westfield,7090,Westfield Public School District,No,(n/a),No,No,(908) 789-4500,"550 Dorian Road, Westfield, NJ 07090",40.644764,-74.3492799
49,50,Hunterdon Central Regional High School District,Public,12-Sep,84 Route 31,Flemington,8822,Hunterdon Central Regional High School District,No,(n/a),No,Yes,(908) 782-5727,"84 Route 31, Flemington, NJ 08822",40.5171201,-74.851901
50,51,Applied Technology High School,Public,12-Sep,400 Paramus Road,Paramus,7652,Bergen County Vocational Technical School District,No,(n/a),No,No,(201) 343-6000,"400 Paramus Road, Paramus, NJ 07652",40.9516735,-74.0939011
51,52,Indian Hills High School,Public,12-Sep,97 Yawpo Ave,Oakland,7436,Ramapo Indian Hills Regional High School District,No,(n/a),No,Yes,(201) 337-0100,"97 Yawpo Ave, Oakland, NJ 07436",41.022626,-74.23127
52,53,Madison High School,Public,12-Sep,170 Ridgedale Avenue,Madison,7940,Madison Public School District,No,(n/a),No,Yes,(973) 593-3117,"170 Ridgedale Avenue, Madison, NJ 07940",40.76974999999999,-74.4087761
53,54,Chatham High School,Public,12-Sep,255 Lafayette Avenue,Chatham,7928,School District of the Chathams,No,(n/a),No,No,(973) 457-2505,"255 Lafayette Avenue, Chatham, NJ 07928",40.7315069,-74.4006307
54,55,Mahwah High School,Public,12-Sep,50 Ridge Road,Mahwah,7430,Mahwah Township Public School District,No,(n/a),No,No,(201) 762-2300,"50 Ridge Road, Mahwah, NJ 07430",41.0921068,-74.1581842
55,56,Pequannock Township High School,Public,12-Sep,85 Sunset Road,Pompton Plains,7444,Pequannock Township School District,No,(n/a),No,Yes,(973) 616-6000,"85 Sunset Road, Pompton Plains, NJ 07444",40.9605569,-74.30567959999999
56,57,Central Jersey College Prep Charter School,"Public, Charter, Alternative",K-12,101 Mettlers Road,Somerset,8873,Central Jersey College Prep Charter School,Yes,(n/a),No,No,(732) 649-3954,"101 Mettlers Road, Somerset, NJ 08873",40.5136425,-74.5655513
57,58,Park Ridge High School,Public,12-Jul,2 Park Ave,Park Ridge,7656,Park Ridge School District,No,(n/a),No,No,(201) 573-6000,"2 Park Ave, Park Ridge, NJ 07656",41.0346734,-74.0427237
58,59,Pascack Valley High School,Public,12-Sep,200 Piermont Avenue,Hillsdale,7642,Pascack Valley Regional High School District,No,(n/a),No,No,(201) 358-7060,"200 Piermont Avenue, Hillsdale, NJ 07642",41.0090971,-74.0290024
59,60,Science Park High School,Public,12-Jul,260 Norfolk Street,Newark,7102,Newark Public School District,No,(n/a),No,Yes,(973) 733-8689,"260 Norfolk Street, Newark, NJ 07102",40.739939,-74.1854638
60,61,Wayne Hills High School,Public,12-Sep,272 Berdan Avenue,Wayne,7470,Wayne Township Public School District,No,(n/a),No,No,(973) 317-2000,"272 Berdan Avenue, Wayne, NJ 07470",40.9683449,-74.2390272
61,62,Kinnelon High School,Public,12-Sep,121 Kinnelon Road,Kinnelon,7405,Kinnelon School District,No,(n/a),No,Yes,(973) 838-5500,"121 Kinnelon Road, Kinnelon, NJ 07405",40.9963753,-74.377956
62,63,Holmdel High School,Public,12-Sep,36 Crawfords Corner Road,Holmdel,7733,Holmdel Township School District,No,(n/a),No,Yes,(732) 946-1832,"36 Crawfords Corner Road, Holmdel, NJ 07733",40.3813183,-74.17875769999999
63,64,Cresskill High School,Public,12-Sep,1 Lincoln Dr,Cresskill,7626,Cresskill Public School District,No,(n/a),No,Yes,(201) 227-7791,"1 Lincoln Dr, Cresskill, NJ 07626",40.9482849,-73.96408579999999
64,65,Hillsborough High School,Public,12-Sep,466 Raider Boulevard,Hillsborough,8844,Hillsborough Township Public School District,No,(n/a),No,No,(908) 431-6600,"466 Raider Boulevard, Hillsborough, NJ 08844",40.4961069,-74.65596239999999
65,66,Rumson-Fair Haven Regional High School,Public,12-Sep,74 Ridge Road,Rumson,7760,Rumson-Fair Haven Regional High School District,No,(n/a),No,Yes,(732) 842-1597,"74 Ridge Road, Rumson, NJ 07760",40.3692353,-74.00191219999999
66,67,Marlboro High School,Public,12-Sep,95 North Main Street,Marlboro,7746,Freehold Regional High School District,No,(n/a),No,No,(732) 617-8393,"95 North Main Street, Marlboro, NJ 07746",40.329545,-74.2470946
67,68,Wayne Valley High School,Public,12-Sep,551 Valley Road,Wayne,7470,Wayne Township Public School District,No,(n/a),No,Yes,(973) 317-2200,"551 Valley Road, Wayne, NJ 07470",40.9306949,-74.23067999999999
68,69,Ramsey High School,Public,12-Sep,256 E Main Street,Ramsey,7446,Ramsey School District,No,(n/a),No,No,(201) 785-2300,"256 E Main Street, Ramsey, NJ 07446",41.0568526,-74.13442309999999
69,70,West Windsor-Plainsboro High School North,Public,12-Sep,90 Grovers Mill Road,Plainsboro,8536,West Windsor-Plainsboro Regional School District,No,(n/a),No,Yes,(609) 716-5100,"90 Grovers Mill Road, Plainsboro, NJ 08536",40.3224272,-74.60069639999999
70,71,Clearview Regional High School,Public,12-Sep,625 Breakneck Rd,Mullica Hill,8062,Clearview Regional High School District,No,(n/a),No,Yes,(856) 223-2790,"625 Breakneck Rd, Mullica Hill, NJ 08062",39.75084469999999,-75.2064892
71,72,Robbinsville High School,Public,12-Sep,155 Robbinsville Edinburg Rd,Robbinsville,8691,Robbinsville Public Schools,No,(n/a),No,Yes,(609) 632-0950,"155 Robbinsville Edinburg Rd, Robbinsville, NJ 08691",40.2381163,-74.61826630000002
72,73,Somerset County Vocational Technical High School,Public,12-Sep,14 Vogt Drive,Bridgewater,8807,Somerset County Vocational and Technical School District,No,(n/a),No,Yes,(908) 526-8900,"14 Vogt Drive, Bridgewater, NJ 08807",40.5881365,-74.6045157
73,74,Bridgewater-Raritan High School,Public,12-Sep,600 Garretson Road,Bridgewater,8807,Bridgewater-Raritan Regional School District,No,(n/a),No,No,(908) 231-8660,"600 Garretson Road, Bridgewater, NJ 08807",40.59281780000001,-74.63338399999999
74,75,Parsippany Hills High School,Public,12-Sep,20 Rita Drive,Morris Plains,7950,Parsippany-Troy Hills Township School District,No,(n/a),No,No,(973) 682-2815,"20 Rita Drive, Morris Plains, NJ 07950",40.86156,-74.45640949999999
75,76,Mountain Lakes High School,Public,12-Sep,96 Powerville Rd.,Mountain Lakes,7046,Mountain Lakes Public School District,No,(n/a),No,No,(973) 334-8400,"96 Powerville Rd., Mountain Lakes, NJ 07046",40.8952526,-74.42718980000001
76,77,Dumont High School,Public,12-Sep,101 New Milford Ave,Dumont,7628,Dumont Public School District,No,(n/a),No,No,(201) 387-3000,"101 New Milford Ave, Dumont, NJ 07628",40.9436379,-73.99797
77,78,North Hunterdon High School,Public,12-Sep,1445 State Route 31,Annandale,8801,North Hunterdon-Voorhees Regional High School District,No,(n/a),No,No,(908) 735-5191,"1445 State Route 31, Annandale, NJ 08801",40.6280379,-74.8834779
78,79,Scotch Plains-Fanwood High School,Public,12-Sep,667 Westfield Road,Scotch Plains,7076,Scotch Plains-Fanwood School District,No,(n/a),No,Yes,(908) 889-8600,"667 Westfield Road, Scotch Plains, NJ 07076",40.6530424,-74.38506269999999
79,80,Cherry Hill High School East,Public,12-Sep,1750 Kresson Rd.,Cherry Hill,8003,Cherry Hill School District,No,(n/a),No,No,(856) 424-2222,"1750 Kresson Rd., Cherry Hill, NJ 08003",39.8766671,-74.9641666
80,81,Hanover Park High School,Public,12-Sep,63 Mt Pleasant Avenue,East Hanover,7936,Hanover Park Regional High School District,No,(n/a),No,Yes,(973) 887-0300,"63 Mt Pleasant Avenue, East Hanover, NJ 07936",40.8041642,-74.37307249999999
81,82,Cinnaminson High School,Public,12-Sep,1197 Riverton Road,Cinnaminson,8077,Cinnaminson Township Public Schools,No,(n/a),No,Yes,(856) 829-7770,"1197 Riverton Road, Cinnaminson, NJ 08077",40.00753,-74.9963978
82,83,Voorhees High School,Public,12-Sep,256 County Route 513,Glen Gardner,8826,North Hunterdon-Voorhees Regional High School District,No,(n/a),No,Yes,(908) 638-6116,"256 County Route 513, Glen Gardner, NJ 08826",40.6957702,-74.8868766
83,84,Glen Rock High School,Public,12-Sep,400 Hamilton Avenue,Glen Rock,7452,Glen Rock Public School District,No,(n/a),No,No,(201) 445-7700,"400 Hamilton Avenue, Glen Rock, NJ 07452",40.955201,-74.12261889999999
84,85,Mercer County Technical School STEM Academy,Public,12-Sep,229 Bull Run Road,Pennington,8534,Area Vocational Technical Schools of Mercer County,No,(n/a),No,No,(609) 570-3400,"229 Bull Run Road, Pennington, NJ 08534",40.2888417,-74.78284479999999
85,86,Midland Park Junior/Senior High School,Public,12-Jul,250 Prospect St,Midland Park,7432,Midland Park School District,No,(n/a),No,Yes,(201) 444-7400,"250 Prospect St, Midland Park, NJ 07432",41.0001462,-74.13656639999999
86,87,Princeton High School,Public,12-Sep,151 Moore Street,Princeton,8540,Princeton Public Schools,No,(n/a),No,No,(609) 806-4280,"151 Moore Street, Princeton, NJ 08540",40.3572615,-74.65550089999999
87,88,Metuchen High School,Public,12-Sep,400 Grove Ave,Metuchen,8840,Metuchen Public School District,No,(n/a),No,Yes,(732) 321-8744,"400 Grove Ave, Metuchen, NJ 08840",40.5536644,-74.3544671
88,89,Sparta High School,Public,12-Sep,70 West Mountain Road,Sparta,7871,Sparta Township Public School District,No,(n/a),No,Yes,(973) 729-6191,"70 West Mountain Road, Sparta, NJ 07871",41.0542749,-74.624737
89,90,Parsippany High School,Public,12-Sep,309 Baldwin Rd,Parsippany,7054,Parsippany-Troy Hills Township School District,No,(n/a),No,Yes,(973) 263-7001,"309 Baldwin Rd, Parsippany, NJ 07054",40.8697257,-74.3919421
90,91,Matawan Regional High School,Public,12-Sep,450 Atlantic Avenue,Aberdeen,7747,Matawan-Aberdeen Regional School District,No,(n/a),No,No,(732) 705-5200,"450 Atlantic Avenue, Aberdeen, NJ 07747",40.4112981,-74.2224919
91,92,Kingsway Regional High School,Public,12-Sep,201 Kings Highway,Woolwich Twp,8085,Kingsway Regional School District,No,(n/a),No,Yes,(856) 467-3300,"201 Kings Highway, Woolwich Twp, NJ 08085",39.761012,-75.2907417
92,93,Red Bank Regional High School,Public,12-Sep,101 Ridge Road,Little Silver,7739,Red Bank Regional School District,No,(n/a),No,Yes,(732) 842-8000,"101 Ridge Road, Little Silver, NJ 07739",40.3496858,-74.0388763
93,94,West Windsor-Plainsboro High School South,Public,12-Sep,346 Clarksville Road,West Windsor,8550,West Windsor-Plainsboro Regional School District,No,(n/a),No,Yes,(609) 716-5050,"346 Clarksville Road, West Windsor, NJ 08550",40.305586,-74.618714
94,95,Middletown High School South,Public,12-Sep,900 Nut Swamp Road,Middletown,7748,Middletown Township Public School District,No,(n/a),No,No,(732) 706-6111,"900 Nut Swamp Road, Middletown, NJ 07748",40.3632816,-74.11518950000001
95,96,Leonia High School,Public,12-Sep,100 Christie Heights Street,Leonia,7605,Leonia Public School District,No,(n/a),No,Yes,(201) 302-5200,"100 Christie Heights Street, Leonia, NJ 07605",40.870303,-73.9889034
96,97,Lakeland Regional High School,Public,12-Sep,205 Conklintown Road,Wanaque,7465,Lakeland Regional High School District,No,(n/a),No,Yes,(973) 835-1900,"205 Conklintown Road, Wanaque, NJ 07465",41.059251,-74.282753
97,98,Manasquan High School,Public,12-Sep,167 Broad Street,Manasquan,8736,Manasquan School District,No,(n/a),No,Yes,(732) 528-8820,"167 Broad Street, Manasquan, NJ 08736",40.1276872,-74.0491983
98,99,Randolph High School,Public,12-Sep,511 Millbrook Avenue,Randolph,7869,Randolph Township School District,No,(n/a),No,No,(973) 361-2400,"511 Millbrook Avenue, Randolph, NJ 07869",40.8464632,-74.5666272
99,100,Allentown High School,Public,12-Sep,27 High Street,Allentown,8501,Upper Freehold Regional School District,No,(n/a),No,Yes,(609) 259-7292,"27 High Street, Allentown, NJ 08501",40.1732018,-74.5868772
100,101,Bergen Arts and Sciences Charter School,"Public, Charter, Alternative",K-12,200 MacArthur Avenue,Garfield,7026,Bergen Arts and Science Charter School,Yes,(n/a),No,No,(201) 773-9140,"200 MacArthur Avenue, Garfield, NJ 07026",40.8741284,-74.09853140000001
101,102,Point Pleasant Beach High School,Public,12-Sep,700 Trenton Avenue,Point Pleasant Beach,8742,Point Pleasant Beach School District,No,(n/a),No,Yes,(732) 899-1817,"700 Trenton Avenue, Point Pleasant Beach, NJ 08742",40.0888635,-74.0521586
102,103,East Brunswick High School,Public,12-Oct,380 Cranbury Road,E Brunswick,8816,East Brunswick Township School District,No,(n/a),No,No,(732) 613-6904,"380 Cranbury Road, E Brunswick, NJ 08816",40.4328315,-74.3982401
103,104,Paramus High School,Public,12-Sep,99 East Century Road,Paramus,7652,Paramus Public School District,No,(n/a),No,Yes,(201) 261-7800,"99 East Century Road, Paramus, NJ 07652",40.9283274,-74.06127479999999
104,105,Monroe Township High School,Public,12-Sep,200 Schoolhouse Road,Monroe Township,8831,Monroe Township School District,No,(n/a),No,Yes,(732) 521-2882,"200 Schoolhouse Road, Monroe Township, NJ 08831",40.3279448,-74.43589209999999
105,106,Delaware Valley Regional High School,Public,12-Sep,19 Senator Stout Rd,Frenchtown,8825,Delaware Valley Regional High School District,No,(n/a),No,Yes,(908) 996-2131,"19 Senator Stout Rd, Frenchtown, NJ 08825",40.5626984,-75.0057424
106,107,Morris Knolls High School,Public,12-Sep,50 Knoll Drive,Denville,7834,Morris Hills Regional School District,No,(n/a),No,No,(973) 664-2201,"50 Knoll Drive, Denville, NJ 07834",40.8856444,-74.50858219999999
107,108,Governor Livingston High School,Public,12-Sep,175 Watchung Boulevard,Berkeley Heights,7922,Berkeley Heights School District,No,(n/a),No,Yes,(908) 464-3100,"175 Watchung Boulevard, Berkeley Heights, NJ 07922",40.6871612,-74.38687879999999
108,109,County Prep High School,Public,12-Sep,525 Montgomery Street,Jersey City,7306,Hudson County Schools of Technology School District,No,(n/a),No,Yes,(201) 631-6302,"525 Montgomery Street, Jersey City, NJ 07306",40.7216797,-74.059479
109,110,Pompton Lakes High School,Public,12-Sep,44 Lakeside Avenue,Pompton Lakes,7442,Pompton Lakes School District,No,(n/a),No,No,(973) 835-7100,"44 Lakeside Avenue, Pompton Lakes, NJ 07442",41.0045131,-74.2886286
110,111,Middlesex High School,Public,12-Sep,300 John F. Kennedy Drive,Middlesex,8846,Middlesex Borough School District,No,(n/a),No,No,(732) 317-6000,"300 John F. Kennedy Drive, Middlesex, NJ 08846",40.58246889999999,-74.4946344
111,112,Westwood Junior/Senior High School,Public,12-Aug,701 Ridgewood Road,Township Of Washington,7676,Westwood Regional School District,No,(n/a),No,No,(201) 664-0880,"701 Ridgewood Road, Township Of Washington, NJ 07676",40.9796629,-74.06113119999999
112,113,Liberty High School,Public,12-Sep,299 Sip Avenue,Jersey City,7306,Jersey City Public Schools,No,(n/a),No,Yes,(201) 714-4373,"299 Sip Avenue, Jersey City, NJ 07306",40.7324362,-74.0741188
113,114,Mount Olive High School,Public,12-Sep,18 Corey Road,Flanders,7836,Mount Olive Township School District,No,(n/a),No,No,(973) 927-2208,"18 Corey Road, Flanders, NJ 07836",40.858616,-74.713984
114,115,Shawnee High School,Public,12-Sep,600 Tabernacle Road,Medford,8055,Lenape Regional High School District,No,(n/a),No,No,(609) 654-7544,"600 Tabernacle Road, Medford, NJ 08055",39.85558899999999,-74.77536359999999
115,116,Kittatinny Regional High School,Public,12-Jul,77 Halsey Road,Newton,7860,Kittatinny Regional School District,No,(n/a),No,Yes,(973) 383-1800,"77 Halsey Road, Newton, NJ 07860",41.08791859999999,-74.7435225
116,117,Verona High School,Public,12-Sep,151 Fairview Ave,Verona,7044,Verona Public School District,No,(n/a),No,No,(973) 571-6750,"151 Fairview Ave, Verona, NJ 07044",40.8412784,-74.24803760000002
117,118,Lenape Valley Regional High School,Public,12-Sep,28 Sparta Road,Stanhope,7874,Lenape Valley Regional High School District,No,(n/a),No,Yes,(973) 347-7600,"28 Sparta Road, Stanhope, NJ 07874",40.91974,-74.700322
118,119,Montclair High School,Public,12-Sep,100 Chestnut St,Montclair,7042,Montclair Public School District,No,(n/a),No,No,(973) 509-4100,"100 Chestnut St, Montclair, NJ 07042",40.8232208,-74.2128884
119,120,Hopewell Valley Central High School,Public,12-Sep,259 Pennington Titusville Rd,Pennington,8534,Hopewell Valley Regional School District,No,(n/a),No,No,(609) 737-4003,"259 Pennington Titusville Rd, Pennington, NJ 08534",40.327897,-74.8040552
120,121,New Egypt High School,Public,12-Sep,117 Evergreen Road,New Egypt,8533,Plumsted Township School District,No,(n/a),No,Yes,(609) 758-6800,"117 Evergreen Road, New Egypt, NJ 08533",40.0802066,-74.529223
121,122,James Caldwell High School,Public,12-Sep,265 Westville Ave,West Caldwell,7006,Caldwell-West Caldwell School District,No,(n/a),No,No,(973) 228-6981,"265 Westville Ave, West Caldwell, NJ 07006",40.8421379,-74.2963789
122,123,East Orange STEM Academy High School,Public,12-Jun,129 Renshaw Avenue,East Orange,7017,East Orange School District,No,(n/a),No,Yes,(973) 266-5900,"129 Renshaw Avenue, East Orange, NJ 07017",40.7768634,-74.2037167
123,124,Butler High School,Public,12-Sep,38 Bartholdi Avenue,Butler,7405,Butler Public School District,No,(n/a),No,Yes,(973) 492-2000,"38 Bartholdi Avenue, Butler, NJ 07405",40.9977954,-74.3396392
124,125,Mercer County Technical School Health Sciences Academy,Public,12-Sep,1085 Old Trenton Road,Trenton,8690,Area Vocational Technical Schools of Mercer County,No,(n/a),No,No,(609) 586-5144,"1085 Old Trenton Road, Trenton, NJ 08690",40.2492664,-74.6536295
125,126,Hasbrouck Heights High School,Public,12-Sep,365 Boulevard,Hasbrouck Heights,7604,Hasbrouck Heights School District,No,(n/a),No,Yes,(201) 288-6150,"365 Boulevard, Hasbrouck Heights, NJ 07604",40.8667137,-74.0738908
126,127,South Brunswick High School,Public,12-Sep,750 Ridge Road,Monmouth Junction,8852,South Brunswick School District,No,(n/a),No,No,(732) 329-4044,"750 Ridge Road, Monmouth Junction, NJ 08852",40.3738104,-74.5640925
127,128,New Milford High School,Public,12-Sep,330 River Road,New Milford,7646,New Milford Public School District,No,(n/a),No,No,(201) 262-0172,"330 River Road, New Milford, NJ 07646",40.941883,-74.02169599999999
128,129,Colts Neck High School,Public,12-Sep,59 Five Points Road,Colts Neck,7722,Freehold Regional High School District,No,(n/a),No,No,(732) 761-0190,"59 Five Points Road, Colts Neck, NJ 07722",40.2762786,-74.2089446
129,130,Mainland Regional High School,Public,12-Sep,1301 Oak Avenue,Linwood,8221,Mainland Regional High School,No,(n/a),No,Yes,(609) 927-4151,"1301 Oak Avenue, Linwood, NJ 08221",39.3467747,-74.57743479999999
130,131,Waldwick High School,Public,12-Sep,155 Wyckoff Avenue,Waldwick,7463,Waldwick School District,No,(n/a),No,No,(201) 652-9000,"155 Wyckoff Avenue, Waldwick, NJ 07463",41.0117019,-74.1334468
131,132,Passaic County Technical Institute,Public,12-Sep,45 Reinhardt Road,Wayne,7470,Passaic County Vocational School District,No,(n/a),No,Yes,(973) 790-6000,"45 Reinhardt Road, Wayne, NJ 07470",40.9309012,-74.2023751
132,133,Columbia High School,Public,12-Sep,17 Parker Ave,Maplewood,7040,South Orange-Maplewood School District,No,(n/a),No,No,(973) 762-5600,"17 Parker Ave, Maplewood, NJ 07040",40.7354856,-74.2663475
133,134,Hackettstown High School,Public,12-Sep,599 Warren Street,Hackettstown,7840,Hackettstown Public School District,No,(n/a),No,No,(908) 852-8150,"599 Warren Street, Hackettstown, NJ 07840",40.843186,-74.830174
134,135,Bernards High School,Public,12-Sep,25 Olcott Avenue,Bernardsville,7924,Somerset Hills Regional School District,No,(n/a),No,Yes,(908) 630-3000,"25 Olcott Avenue, Bernardsville, NJ 07924",40.7213623,-74.5671292
135,136,Rancocas Valley Regional High School,Public,12-Sep,520 Jacksonville Road,Mount Holly,8060,Rancocas Valley Regional High School District,No,(n/a),No,Yes,(609) 267-0830,"520 Jacksonville Road, Mount Holly, NJ 08060",40.0025146,-74.78298749999999
136,137,Watchung Hills Regional High School,Public,12-Sep,108 Stirling Rd.,Warren,7059,Watchung Hills Regional High School District,No,(n/a),No,Yes,(908) 647-4800,"108 Stirling Rd., Warren, NJ 07059",40.6525753,-74.4754909
137,138,Boonton High School,Public,12-Sep,306 Lathrop Avenue,Boonton,7005,Boonton Town School District,No,(n/a),No,Yes,(973) 335-9700,"306 Lathrop Avenue, Boonton, NJ 07005",40.90322099999999,-74.403031
138,139,Woodstown High School,Public,12-Sep,140 East Avenue,Woodstown,8098,Woodstown-Pilesgrove Regional School District,No,(n/a),No,Yes,(856) 769-0144,"140 East Avenue, Woodstown, NJ 08098",39.65064580000001,-75.321535
139,140,Gloucester County Institute of Technology,Public,12-Sep,1360 Tanyard Road,Sewell,8080,Gloucester County Vocational-Technical School District,No,(n/a),No,Yes,(856) 468-1445,"1360 Tanyard Road, Sewell, NJ 08080",39.7882239,-75.12346749999999
140,141,Roxbury High School,Public,12-Sep,One Bryant Drive,Succasunna,7876,Roxbury Township School District,No,(n/a),No,No,(973) 584-1200,"One Bryant Drive, Succasunna, NJ 07876",40.8619227,-74.6407752
141,142,Nutley High School,Public,12-Sep,300 Franklin Ave,Nutley,7110,Nutley Public School District,No,(n/a),No,Yes,(973) 661-8824,"300 Franklin Ave, Nutley, NJ 07110",40.8172969,-74.1601452
142,143,North Star Academy Charter School,"Public, Charter, Alternative",K-12,10 Washington Place,Newark,7102,North Star Academy Charter School,Yes,(n/a),No,Yes,(973) 642-0101,"10 Washington Place, Newark, NJ 07102",40.7423008,-74.1699335
143,144,Fort Lee High School,Public,12-Sep,3000 Lemoine Ave,Fort Lee,7024,Fort Lee School District,No,(n/a),No,Yes,(201) 585-4675,"3000 Lemoine Ave, Fort Lee, NJ 07024",40.858348,-73.964789
144,145,Morris Hills High School,Public,12-Sep,520 West Main Street,Rockaway,7866,Morris Hills Regional School District,No,(n/a),No,Yes,(973) 664-2301,"520 West Main Street, Rockaway, NJ 07866",40.890836,-74.52918
145,146,Edison High School,Public,12-Sep,50 Boulevard Of The Eagles,Edison,8817,Edison Township School District,No,(n/a),No,Yes,(732) 650-5200,"50 Boulevard Of The Eagles, Edison, NJ 08817",40.5143871,-74.3863107
146,147,Point Pleasant Borough High School,Public,12-Sep,Laura Herbert Dr,Point Pleasant Beach,8742,Point Pleasant Borough School District,No,(n/a),No,No,(732) 701-1900,"Laura Herbert Dr, Point Pleasant Beach, NJ 08742",40.079162,-74.0718299
147,148,Bard Early College High School,Public,12-Sep,321 Bergen Street,Newark,7103,Newark Public School District,No,(n/a),No,Yes,(212) 995-8479,"321 Bergen Street, Newark, NJ 07103",40.7349262,-74.19546179999999
148,149,Wall High School,Public,12-Sep,1630 18th Ave,Wall,7719,Wall Township Public School District,No,(n/a),No,No,(732) 556-2040,"1630 18th Ave, Wall, NJ 07719",40.1685461,-74.06102659999999
149,150,High Point Regional High School District,Public,12-Sep,299 Pidgeon Hill Road,Sussex,7461,High Point Regional High School District,No,(n/a),No,Yes,(973) 875-3101,"299 Pidgeon Hill Road, Sussex, NJ 07461",41.19984789999999,-74.6461236
150,151,Eastern Regional High School,Public,12-Sep,1401 Laurel Oak Road,Voorhees,8043,Eastern Camden County Regional School District,No,(n/a),No,Yes,(856) 784-4441,"1401 Laurel Oak Road, Voorhees, NJ 08043",39.84915600000001,-74.966819
151,152,Rutherford High School,Public,12-Sep,56 Elliott Pl,Rutherford,7070,Rutherford School District,No,(n/a),No,No,(201) 438-7675,"56 Elliott Pl, Rutherford, NJ 07070",40.8288417,-74.1083965
152,153,South Hunterdon Regional High School,Public,12-Jul,301 Mt Airy Harbourton Rd,Lambertville,8530,South Hunterdon Regional School District,No,(n/a),No,Yes,(609) 397-2060,"301 Mt Airy Harbourton Rd, Lambertville, NJ 08530",40.386799,-74.89294799999999
153,154,Elizabeth High School - Frank J Cicarell Academy,Public,12-Sep,40 Morrell Street,Elizabeth,7202,Elizabeth Public Schools,No,(n/a),No,Yes,(908) 436-5870,"40 Morrell Street, Elizabeth, NJ 07202",40.6634263,-74.2105038
154,155,Secaucus High School,Public,12-Sep,11 Mill Ridge Road,Secaucus,7094,Secaucus School District,No,(n/a),No,Yes,(201) 974-2033,"11 Mill Ridge Road, Secaucus, NJ 07094",40.8033613,-74.05088549999999
155,156,Emerson Junior Senior High,Public,12-Jul,131 Main Street,Emerson,7630,Emerson Public School District,No,(n/a),No,Yes,(201) 262-4447,"131 Main Street, Emerson, NJ 07630",40.9726428,-74.0175265
156,157,High Technical High School,Public,12-Sep,1 High Tech Way,Secaucus,7094,Hudson County Schools of Technology School District,No,(n/a),No,Yes,(201) 662-6801,"1 High Tech Way, Secaucus, NJ 07094",40.7611192,-74.0828525
157,158,Spotswood High School,Public,12-Sep,105 Summerhill Road,Spotswood,8884,Spotswood Public School District,No,(n/a),No,Yes,(732) 723-2200,"105 Summerhill Road, Spotswood, NJ 08884",40.3985818,-74.3884155
158,159,Bergenfield High School,Public,12-Sep,80 S Prospect Ave,Bergenfield,7621,Bergenfield Borough School District,No,(n/a),No,Yes,(201) 385-8600,"80 S Prospect Ave, Bergenfield, NJ 07621",40.9252031,-74.0074272
159,160,Henry Hudson Regional School,Public,12-Jul,1 Grand Tour,Highlands,7732,Henry Hudson Regional School District,No,(n/a),No,Yes,(732) 872-0900,"1 Grand Tour, Highlands, NJ 07732",40.3923689,-73.9852986
160,161,Foundation Academy Charter School,"Public, Charter, Alternative",K-12,363 West State Street,Trenton,8608,Foundation Academy Charter School,Yes,(n/a),No,No,(609) 920-9200,"363 West State Street, Trenton, NJ 08608",40.22375,-74.7773196
161,162,Lodi High School,Public,12-Sep,99 Putnam Street,Lodi,7644,Lodi School District,No,(n/a),No,Yes,(973) 478-6100,"99 Putnam Street, Lodi, NJ 07644",40.8866422,-74.0870138
162,163,Vernon Township High School,Public,12-Sep,1832 Route 565,Vernon,7462,Vernon Township School District,No,(n/a),No,Yes,(973) 764-2960,"1832 Route 565, Vernon, NJ 07462",41.1946438,-74.6252779
163,164,Cherokee High School,Public,12-Sep,120 Tomlinson Mill Road,Marlton,8053,Lenape Regional High School District,No,(n/a),No,Yes,(856) 983-5140,"120 Tomlinson Mill Road, Marlton, NJ 08053",39.8738383,-74.8994508
164,165,Saddle Brook Middle/High School,Public,12-Jul,355 Mayhill Street,Saddle Brook,7663,Saddle Brook School District,No,(n/a),No,No,(201) 843-2880,"355 Mayhill Street, Saddle Brook, NJ 07663",40.9049018,-74.0908684
165,166,Brick Township High School,Public,12-Sep,346 Chambers Bridge Rd,Brick,8723,Brick Township Public School District,No,(n/a),No,Yes,(732) 785-3000,"346 Chambers Bridge Rd, Brick, NJ 08723",40.073183,-74.1531728
166,167,Freehold Township High School,Public,12-Sep,281 Elton Adelphia Road,Freehold,7728,Freehold Regional High School District,No,(n/a),No,Yes,(732) 431-8460,"281 Elton Adelphia Road, Freehold, NJ 07728",40.2201507,-74.28263570000001
167,168,Cranford High School,Public,12-Sep,201 West End Place,Cranford,7016,Cranford Public School District,No,(n/a),No,No,(908) 709-6272,"201 West End Place, Cranford, NJ 07016",40.6620994,-74.31323069999999
168,169,Ridgefield Memorial High School,Public,12-Sep,555 Walnut St,Ridgefield,7657,Ridgefield School District,No,(n/a),No,No,(201) 945-4455,"555 Walnut St, Ridgefield, NJ 07657",40.8309951,-73.9998064
169,170,Phillipsburg High School,Public,12-Sep,1 Stateliner Blvd.,Phillipsburg,8865,Phillipsburg School District,No,(n/a),No,Yes,(908) 454-3400,"1 Stateliner Blvd., Phillipsburg, NJ 08865",40.7145973,-75.18320949999999
170,171,Essex County Newark Technical,Public,12-Sep,91 West Market Street,Newark,7103,Essex County Vocational Technical Schools,No,(n/a),No,Yes,(973) 412-2204,"91 West Market Street, Newark, NJ 07103",40.740262,-74.18170289999999
171,172,Lenape High School,Public,12-Sep,235 Hartford Road,Medford,8055,Lenape Regional High School District,No,(n/a),No,Yes,(609) 654-5111,"235 Hartford Road, Medford, NJ 08055",39.9208626,-74.854551
172,173,Egg Harbor Township High School,Public,12-Sep,24 High School Drive,Egg Harbor Township,8234,Egg Harbor Township School District,No,(n/a),No,No,(609) 653-0100,"24 High School Drive, Egg Harbor Township, NJ 08234",39.3947754,-74.6285146
173,174,John F. Kennedy Memorial High School,Public,12-Sep,200 Washington Avenue,Iselin,8830,Woodbridge Township School District,No,(n/a),No,No,(732) 602-8650,"200 Washington Avenue, Iselin, NJ 08830",40.5724891,-74.3036398
174,175,Northern Burlington County Regional High School,Public,12-Sep,160 Mansfield Road East,Columbus,8022,Northern Burlington County Regional School District,No,(n/a),No,Yes,(609) 298-3900,"160 Mansfield Road East, Columbus, NJ 08022",40.0882,-74.6855999
175,176,Pinelands Regional High School,Public,12-Oct,565 Nugentown Road,Little Egg Harbor,8087,Pinelands Regional School District,No,(n/a),No,No,(609) 296-3106,"565 Nugentown Road, Little Egg Harbor, NJ 08087",39.6098794,-74.3596761
176,177,Piscataway Township High School,Public,12-Sep,100 Behmer Road,Piscataway,8854,Piscataway Township School District,No,(n/a),No,Yes,(732) 981-0700,"100 Behmer Road, Piscataway, NJ 08854",40.5457326,-74.47106339999999
177,178,Warren Hills Regional High School,Public,12-Sep,41 Jackson Valley Road,Washington,7882,Warren Hills Regional School District,No,(n/a),No,Yes,(908) 689-3050,"41 Jackson Valley Road, Washington, NJ 07882",40.77439409999999,-74.98388779999999
178,179,Ocean City High School,Public,12-Sep,501 Atlantic Avenue,Ocean City,8226,Ocean City School District,No,(n/a),No,Yes,(609) 399-1290,"501 Atlantic Avenue, Ocean City, NJ 08226",39.2798001,-74.5673819
179,180,Hammonton High School,Public,12-Sep,566 Old Forks Road,Hammonton,8037,Hammonton School District,No,(n/a),No,Yes,(609) 567-7000,"566 Old Forks Road, Hammonton, NJ 08037",39.6565046,-74.8073024
180,181,Morristown High School,Public,12-Sep,50 Early Street,Morristown,7960,Morris School District,No,(n/a),No,No,(973) 292-2000,"50 Early Street, Morristown, NJ 07960",40.8011472,-74.4864486
181,182,Union City High School,Public,12-Sep,2500 Kennedy Blvd,Union City,7087,Union City School District,No,(n/a),No,Yes,(201) 330-8678,"2500 Kennedy Blvd, Union City, NJ 07087",40.7703761,-74.03676229999999
182,183,Freehold Borough High School,Public,12-Sep,2 Robertsville Road,Freehold,7728,Freehold Regional High School District,No,(n/a),No,Yes,(732) 431-8360,"2 Robertsville Road, Freehold, NJ 07728",40.26772709999999,-74.268367
183,184,Willliamstown High School,Public,12-Sep,700 N Tuckahoe Rd,Williamstown,8094,Monroe Township Public School District,No,(n/a),No,No,(856) 262-8200,"700 N Tuckahoe Rd, Williamstown, NJ 08094",39.6822522,-75.0105483
184,185,Essex County Donald M. Payne Senior School of Technology,Public,12-Sep,498-544 West Market St,Newark,7107,Essex County Vocational Technical Schools,No,(n/a),No,Yes,(973) 412-2203,"498-544 West Market St, Newark, NJ 07107",40.7506839,-74.1938246
185,186,Shore Regional High School,Public,12-Sep,132 Monmouth Park Highway 36,West Long Branch,7764,Shore Regional High School District,No,(n/a),No,Yes,(732) 222-9300,"132 Monmouth Park Highway 36, West Long Branch, NJ 07764",40.2992882,-74.02625909999999
186,187,Teaneck High School,Public,12-Sep,100 Elizabeth Ave,Teaneck,7666,Teaneck School District,No,(n/a),No,No,(201) 833-5400,"100 Elizabeth Ave, Teaneck, NJ 07666",40.89115779999999,-74.00837680000001
187,188,Seneca High School,Public,12-Sep,110 Carranza Road,Tabernacle,8088,Lenape Regional High School District,No,(n/a),No,Yes,(609) 268-4600,"110 Carranza Road, Tabernacle, NJ 08088",39.8573385,-74.717795
188,189,Bogota Junior/Senior High School,Public,12-Jul,2 Henry C Luthin Place,Bogota,7603,Bogota Public School District,No,(n/a),No,Yes,(201) 441-4808,"2 Henry C Luthin Place, Bogota, NJ 07603",40.8776442,-74.0233171
189,190,Jackson Memorial High School,Public,12-Sep,101 Don Connor Boulevard,Jackson,8527,Jackson Township School District,No,(n/a),No,No,(732) 833-4670,"101 Don Connor Boulevard, Jackson, NJ 08527",40.1071828,-74.3457318
190,191,South Plainfield High School,Public,12-Sep,200 Lake Street,South Plainfield,7080,South Plainfield School District,No,(n/a),No,No,(908) 754-4620,"200 Lake Street, South Plainfield, NJ 07080",40.5891604,-74.41244069999999
191,192,Great Oaks Legacy Charter School,"Public, Charter, Alternative","PK, KG-12",24 Maiden Lane,Newark,7102,Great Oaks Legacy Charter School,Yes,(n/a),No,Yes,(973) 565-9170,"24 Maiden Lane, Newark, NJ 07102",40.7344063,-74.1749387
192,193,Lawrence High School,Public,12-Sep,2525 Princeton Pike,Lawrenceville,8648,Lawrence Township Public School District,No,(n/a),No,No,(609) 671-5510,"2525 Princeton Pike, Lawrenceville, NJ 08648",40.2648678,-74.7297736
193,194,Haddon Township High School,Public,12-Sep,406 Memorial Avenue,Westmont,8108,Haddon Township School District,No,(n/a),No,No,(856) 869-7750,"406 Memorial Avenue, Westmont, NJ 08108",39.9042379,-75.05655159999999
194,195,Raritan High School,Public,12-Sep,419 Middle Road,Hazlet,7730,Hazlet Township Public School District,No,(n/a),No,No,(732) 264-8411,"419 Middle Road, Hazlet, NJ 07730",40.4275234,-74.15131459999999
195,196,Toms River High School North,Public,12-Sep,1245 Old Freehold Road,Toms River,8753,Toms River Regional School District,No,(n/a),No,No,(732) 505-5702,"1245 Old Freehold Road, Toms River, NJ 08753",39.9823146,-74.1918678
196,197,Jefferson Township High School,Public,12-Sep,1010 Weldon Rd Rd2,Oak Ridge,7438,Jefferson Township Public School District,No,(n/a),No,No,(973) 697-3535,"1010 Weldon Rd Rd2, Oak Ridge, NJ 07438",41.016582,-74.55273609999999
197,198,Cedar Grove High School,Public,12-Sep,90 Rugby Road,Cedar Grove,7009,Cedar Grove Township School District,No,(n/a),No,No,(973) 239-6400,"90 Rugby Road, Cedar Grove, NJ 07009",40.8513707,-74.2233547
198,199,Monmouth Regional High School,Public,12-Sep,One Norman J Field Way,Tinton Falls,7724,Monmouth Regional High School,No,(n/a),No,Yes,(732) 542-1170,"One Norman J Field Way, Tinton Falls, NJ 07724",40.303775,-74.091048
199,200,Newton High School,Public,12-Sep,44 Ryerson Avenue,Newton,7860,Newton Public School District,No,(n/a),No,Yes,(973) 383-7573,"44 Ryerson Avenue, Newton, NJ 07860",41.05084069999999,-74.7604988
200,201,Manalapan High School,Public,12-Sep,20 Church Lane,Englishtown,7726,Freehold Regional High School District,No,(n/a),No,No,(732) 792-7200,"20 Church Lane, Englishtown, NJ 07726",40.290075,-74.3351859
201,202,West Deptford High School,Public,12-Sep,1600 Old Crown Point Rd,West Deptford,8093,West Deptford Township School District,No,(n/a),No,No,(856) 848-6110,"1600 Old Crown Point Rd, West Deptford, NJ 08093",39.8548757,-75.16195119999999
202,203,North Warren Regional School,Public,12-Jul,10 Noe Rd,Blairstown,7825,North Warren Regional School District,No,(n/a),No,Yes,(908) 362-8211,"10 Noe Rd, Blairstown, NJ 07825",40.981884,-74.9907997
203,204,Franklin High School,Public,12-Sep,500 Elizabeth Avenue,Somerset,8873,Franklin Township Public Schools,No,(n/a),No,No,(732) 302-4200,"500 Elizabeth Avenue, Somerset, NJ 08873",40.5202296,-74.55237
204,205,Audubon Junior/Senior High School,Public,12-Jul,350 Edgewood Avenue,Audubon,8106,Audubon Public School Disrict,No,(n/a),No,Yes,(856) 547-7695,"350 Edgewood Avenue, Audubon, NJ 08106",39.8844852,-75.0757598
205,206,Lyndhurst High School,Public,12-Sep,400 Weart Avenue,Lyndhurst,7071,Lyndhurst School District,No,(n/a),No,No,(201) 896-2100,"400 Weart Avenue, Lyndhurst, NJ 07071",40.809043,-74.1272075
206,207,Salem County Career and Technical High School,Public,12-Sep,880 Route 45,Woodstown,8098,Salem County Vocational Technical School District,No,(n/a),No,Yes,(856) 769-0101,"880 Route 45, Woodstown, NJ 08098",39.6287177,-75.3667787
207,208,Lower Cape May Regional High School,Public,12-Sep,687 Rt 9,Cape May,8204,Lower Cape May Regional School District,No,(n/a),No,Yes,(609) 884-3475,"687 Rt 9, Cape May, NJ 08204",38.9770839,-74.90399339999999
208,209,Bayonne High School,Public,12-Sep,669 Avenue A,Bayonne,7002,Bayonne School District,No,(n/a),No,Yes,(201) 858-5900,"669 Avenue A, Bayonne, NJ 07002",40.6717314,-74.1215821
209,210,Brick Township Memorial High School,Public,12-Sep,2001 Lanes Mill Rd,Brick,8724,Brick Township Public School District,No,(n/a),No,No,(732) 785-3000,"2001 Lanes Mill Rd, Brick, NJ 08724",40.104411,-74.1291093
210,211,Passaic Valley Regional High School,Public,12-Sep,170 East Main Street,Little Falls,7424,Passaic Valley Regional High School District #1,No,(n/a),No,Yes,(973) 890-2500,"170 East Main Street, Little Falls, NJ 07424",40.879005,-74.21701
211,212,West Milford High School,Public,12-Sep,67 Highlander Drive,West Milford,7480,West Milford Township Public School District,No,(n/a),No,No,(973) 838-6515,"67 Highlander Drive, West Milford, NJ 07480",41.0791232,-74.38128950000001
212,213,Gloucester City Junior Senior High School,Public,12-Jul,1300 Market Street,Gloucester City,8030,Gloucester City Public School District,No,(n/a),No,Yes,(856) 456-7000,"1300 Market Street, Gloucester City, NJ 08030",39.8851676,-75.1109651
213,214,Pitman High School,Public,12-Sep,225 Linden Avenue,Pitman,8071,Pitman Boro School District,No,(n/a),No,No,(856) 589-2121,"225 Linden Avenue, Pitman, NJ 08071",39.7406336,-75.12708239999999
214,215,Jonathan Dayton High School,Public,12-Sep,139 Mountain Ave.,Springfield,7081,Springfield Public School District,No,(n/a),No,Yes,(973) 376-1025,"139 Mountain Ave., Springfield, NJ 07081",40.7061943,-74.31429609999999
215,216,Union High School,Public,12-Sep,2350 North Third Street,Union,7083,Township of Union School District,No,(n/a),No,Yes,(908) 851-6500,"2350 North Third Street, Union, NJ 07083",40.7035758,-74.2837697
216,217,Hightstown High School,Public,12-Sep,25 Leshin Lane,Hightstown,8520,East Windsor Regional School District,No,(n/a),No,No,(609) 443-7738,"25 Leshin Lane, Hightstown, NJ 08520",40.2608493,-74.53128579999999
217,218,Highland Park High School,Public,12-Sep,102 North Fifth Avenue,Highland Park,8904,Highland Park Boro School District,No,(n/a),No,Yes,(732) 572-2400,"102 North Fifth Avenue, Highland Park, NJ 08904",40.5025008,-74.42558509999999
218,219,Dover High School,Public,12-Sep,100 Grace Street,Dover,7801,Dover Public School District,No,(n/a),No,Yes,(973) 989-2010,"100 Grace Street, Dover, NJ 07801",40.8979444,-74.559693
219,220,Collingswood High School,Public,12-Sep,424 Collings Ave,Collingswood,8108,Collingswood Public School District,No,(n/a),No,Yes,(856) 962-5701,"424 Collings Ave, Collingswood, NJ 08108",39.91276,-75.07731299999999
220,221,Arthur L. Johnson High School,Public,12-Sep,365 Westfield Avenue,Clark,7066,Clark Township Public School District,No,(n/a),No,Yes,(732) 382-0910,"365 Westfield Avenue, Clark, NJ 07066",40.622651,-74.312659
221,222,Hawthorne High School,Public,12-Sep,160 Parmelee Avenue,Hawthorne,7506,Hawthorne Public School District,No,(n/a),No,No,(973) 423-6415,"160 Parmelee Avenue, Hawthorne, NJ 07506",40.9533911,-74.1596865
222,223,Timber Creek Regional High School,Public,12-Sep,501 Jarvis Road,Erial,8081,Black Horse Pike Regional School District,No,(n/a),No,No,(856) 232-9703,"501 Jarvis Road, Erial, NJ 08081",39.7616794,-75.01785129999999
223,224,Somerville High School,Public,12-Sep,222 Davenport St.,Somerville,8876,Somerville Public School District,No,(n/a),No,No,(908) 218-4108,"222 Davenport St., Somerville, NJ 08876",40.578621,-74.611487
224,225,Southern Regional High School,Public,12-Sep,90 Cedar Bridge Road,Manahawkin,8050,Southern Regional School District,No,(n/a),No,Yes,(609) 597-9481,"90 Cedar Bridge Road, Manahawkin, NJ 08050",39.7118241,-74.25388
225,226,Belvidere High School,Public,12-Sep,809 Oxford Street,Belvidere,7823,Belvidere School District,No,(n/a),No,Yes,(908) 475-4025,"809 Oxford Street, Belvidere, NJ 07823",40.8249316,-75.0666626
226,227,Delran High School,Public,12-Sep,50 Hartford Road,Delran,8075,Delran Township School District,No,(n/a),No,Yes,(856) 461-6100,"50 Hartford Road, Delran, NJ 08075",40.0132905,-74.9440595
227,228,Deptford Township High School,Public,12-Sep,575 S Fox Run Rd,Deptford,8096,Deptford Township Public School District,No,(n/a),No,Yes,(856) 232-2713,"575 S Fox Run Rd, Deptford, NJ 08096",39.81183,-75.110807
228,229,Absegami High School,Public,12-Sep,201 S Wrangleboro Road,Galloway,8205,Greater Egg Harbor Regional High School District,No,(n/a),No,Yes,(609) 652-1372,"201 S Wrangleboro Road, Galloway, NJ 08205",39.4807236,-74.51611630000001
229,230,Atlantic County Institute of Technology,Public,12-Sep,5080 Atlantic Avenue,Mays Landing,8330,Atlantic County Vocational School District,No,(n/a),No,Yes,(609) 625-2249,"5080 Atlantic Avenue, Mays Landing, NJ 08330",39.4422898,-74.6965544
230,231,Haddon Heights Junior/Senior High School,Public,12-Jul,301 Second Avenue,Haddon Heights,8035,HADDON HEIGHTS School District,No,(n/a),No,Yes,(856) 547-1920,"301 Second Avenue, Haddon Heights, NJ 08035",39.88413,-75.0502024
231,232,Old Bridge High School,Public,12-Sep,4209 Route 516,Matawan,7747,Old Bridge Township School District,No,(n/a),No,No,(732) 290-3900,"4209 Route 516, Matawan, NJ 07747",40.4069153,-74.2720614
232,233,Ocean Township High School,Public,12-Sep,550 West Park Avenue,Oakhurst,7755,Township of Ocean School District,No,(n/a),No,No,(732) 531-5650,"550 West Park Avenue, Oakhurst, NJ 07755",40.2671832,-74.02933519999999
233,234,Ridgefield Park Junior Senior High School,Public,12-Jul,1 Ozzie Nelson Drive,Ridgefield Park,7660,Ridgefield Park School District,No,(n/a),No,Yes,(201) 440-1440,"1 Ozzie Nelson Drive, Ridgefield Park, NJ 07660",40.85879509999999,-74.01390409999999
234,235,Bloomfield High School,Public,12-Sep,160 Broad Street,Bloomfield,7003,Bloomfield Township School District,No,(n/a),No,Yes,(973) 680-8500,"160 Broad Street, Bloomfield, NJ 07003",40.7994581,-74.1974797
235,236,Alexander Hamilton Preparatory Academy,Public,12-Sep,310 Cherry St,Elizabeth,7208,Elizabeth Public Schools,No,(n/a),No,Yes,(908) 436-6100,"310 Cherry St, Elizabeth, NJ 07208",40.6680001,-74.22192199999999
236,237,Hackensack High School,Public,12-Sep,First & Beech Streets,Hackensack,7601,Hackensack School District,No,(n/a),No,Yes,(201) 646-7900,"First & Beech Streets, Hackensack, NJ 07601",36.321633,-95.848855
237,238,Toms River High School East,Public,12-Sep,1225 Raider Way,Toms River,8753,Toms River Regional School District,No,(n/a),No,No,(732) 505-5665,"1225 Raider Way, Toms River, NJ 08753",39.9649789,-74.141908
238,239,Manville High School,Public,12-Sep,1100 Brooks Boulevard,Manville,8835,Manville Board of Education,No,(n/a),No,Yes,(908) 231-6806,"1100 Brooks Boulevard, Manville, NJ 08835",40.5445655,-74.5982255
239,240,Sussex County Technical School,Public,12-Sep,105 North Church Road,Sparta,7871,Sussex County Technical School District,No,(n/a),No,Yes,(973) 383-6700,"105 North Church Road, Sparta, NJ 07871",41.09744329999999,-74.6521228
240,241,Wood-Ridge Junior/Senior High School,Public,12-Jul,258 Hackensack St,Wood Ridge,7075,Wood-Ridge School District,No,(n/a),No,Yes,(201) 933-6777,"258 Hackensack St, Wood Ridge, NJ 07075",40.8481199,-74.08023279999999
241,242,Triton Regional High School,Public,12-Sep,250 Schubert Ave,Runnemede,8078,Black Horse Pike Regional School District,No,(n/a),No,Yes,(856) 939-4500,"250 Schubert Ave, Runnemede, NJ 08078",39.8493802,-75.0622801
242,243,Plainfield Academy For The Arts & Advanced Studies,Public,12-Jul,1700 West Front St,Plainfield,7063,Plainfield Public School District,No,(n/a),No,No,(908) 731-4421,"1700 West Front St, Plainfield, NJ 07063",40.597847,-74.45504840000001
243,244,Roselle Park High School,Public,12-Sep,185 W Webster Ave,Roselle Park,7204,Roselle Park Public School District,No,(n/a),No,Yes,(908) 241-4550,"185 W Webster Ave, Roselle Park, NJ 07204",40.6660149,-74.2713821
244,245,Dwight Morrow High School/Academies@Englewood,Public,12-Sep,274 Knickerbocker Rd,Englewood,7631,Englewood Public School District,No,(n/a),No,Yes,(201) 862-6039,"274 Knickerbocker Rd, Englewood, NJ 07631",40.9073806,-73.9832784
245,246,Colonia High School,Public,12-Sep,East Street,Colonia,7067,Woodbridge Township School District,No,(n/a),No,No,(732) 726-7060,"East Street, Colonia, NJ 07067",40.5964971,-74.319605
246,247,Howell High School,Public,12-Sep,405 Squankum Yellowbrook Road,Farmingdale,7727,Freehold Regional High School District,No,(n/a),No,No,(732) 919-2131,"405 Squankum Yellowbrook Road, Farmingdale, NJ 07727",40.1862284,-74.1790427
247,248,Wallkill Valley Regional High School,Public,12-Sep,10 Grumm Road,Hamburg,7419,Wallkill Valley Regional High School,No,(n/a),No,Yes,(973) 827-4100,"10 Grumm Road, Hamburg, NJ 07419",41.154101,-74.590924
248,249,Cedar Creek High School,Public,12-Sep,1701 New York Ave.,Egg Harbor City,8215,Greater Egg Harbor Regional High School District,No,(n/a),No,Yes,(609) 593-3560,"1701 New York Ave., Egg Harbor City, NJ 08215",39.5517617,-74.6280383
249,250,Highland Regional High School,Public,12-Sep,450 Erial Road,Blackwood,8012,Black Horse Pike Regional School District,No,(n/a),No,Yes,(609) 227-4100,"450 Erial Road, Blackwood, NJ 08012",39.801545,-75.04910199999999
250,251,Weehawken High School,Public,12-Jul,53 Liberty Place,Weehawken,7086,Weehawken Public School District,No,(n/a),No,Yes,(201) 422-6130,"53 Liberty Place, Weehawken, NJ 07086",40.7738908,-74.0179416
251,252,Cliffside Park High School,Public,12-Sep,64 Riverview Avenue,Cliffside Park,7010,Cliffside Park School District,No,(n/a),No,Yes,(201) 313-2370,"64 Riverview Avenue, Cliffside Park, NJ 07010",40.82152749999999,-73.98669679999999
252,253,Palmyra High School,Public,12-Jul,5th & Weart Boulevard,Palmyra,8065,Palmyra Public School District,No,(n/a),No,Yes,(856) 786-9400,"5th & Weart Boulevard, Palmyra, NJ 08065",36.8820451,-94.8783414
253,254,Passaic Arts and Science Charter School,"Public, Charter, Alternative",K-12,7 St. Francis Way,Passaic,7055,Passaic Arts and Science Charter School,Yes,(n/a),No,Yes,(201) 773-9140,"7 St. Francis Way, Passaic, NJ 07055",40.8590314,-74.123216
254,255,Camden County Technical School-GTC,Public,12-Sep,343 Berlin Cross Keys Road,Sicklerville,8081,Camden County Technical School District,No,(n/a),No,Yes,(856) 767-7000,"343 Berlin Cross Keys Road, Sicklerville, NJ 08081",39.765079,-74.975851
255,256,Delsea Regional High School,Public,12-Sep,242 Fries Mill Rd,Franklinville,8322,Delsea Regional High School District,No,(n/a),No,Yes,(856) 694-0100,"242 Fries Mill Rd, Franklinville, NJ 08322",39.6083488,-75.0653126
256,257,Essex County West Caldwell Technical,Public,12-Sep,620 Passaic Ave,West Caldwell,7006,Essex County Vocational Technical Schools,No,(n/a),No,Yes,(973) 412-2205,"620 Passaic Ave, West Caldwell, NJ 07006",40.8530822,-74.29257059999999
257,258,Burlington Township High School,Public,12-Sep,610 Fountain Avenue,Burlington,8016,Burlington Township School District,No,(n/a),No,Yes,(609) 387-1713,"610 Fountain Avenue, Burlington, NJ 08016",40.0641382,-74.83535959999999
258,259,Cicely L. Tyson Community Middle/High School,Public,12-Jun,35 Winans Street,East Orange,7017,East Orange School District,No,(n/a),No,Yes,(973) 414-8600,"35 Winans Street, East Orange, NJ 07017",40.764012,-74.210664
259,260,Cherry Hill High School West,Public,12-Sep,2101 Chapel Ave.,Cherry Hill,8034,Cherry Hill School District,No,(n/a),No,Yes,(856) 663-8006,"2101 Chapel Ave., Cherry Hill, NJ 08034",39.9296442,-75.0200399
260,261,North Brunswick Township High School,Public,12-Sep,98 Raider Road,North Brunswick,8902,North Brunswick Township School District,No,(n/a),No,No,(732) 289-3702,"98 Raider Road, North Brunswick, NJ 08902",40.45292999999999,-74.4692317
261,262,Washington Township High School,Public,12-Sep,519 Hurffville Crosskeys Rd,Sewell,8080,Washington Township School District,No,(n/a),No,No,(856) 589-8500,"519 Hurffville Crosskeys Rd, Sewell, NJ 08080",39.7421989,-75.0767266
262,263,Barnegat High School,Public,12-Sep,180 Bengal Blvd,Barnegat,8005,Barnegat Township School District,No,(n/a),No,No,(609) 660-7510,"180 Bengal Blvd, Barnegat, NJ 08005",39.7729881,-74.2346316
263,264,Clifton High School,Public,12-Sep,333 Colfax Avenue,Clifton,7013,Clifton Public School District,No,(n/a),No,No,(973) 470-2312,"333 Colfax Avenue, Clifton, NJ 07013",40.8696445,-74.1633561
264,265,Innovation High School,Public,12-Sep,239 Bergen Avenue,Jersey City,7305,Jersey City Public Schools,No,(n/a),No,Yes,(201) 915-1504,"239 Bergen Avenue, Jersey City, NJ 07305",40.71039409999999,-74.0846276
265,266,Memorial Senior High School,Public,12-Sep,375 River Dr,Elmwood Park,7407,Elmwood Park School District,No,(n/a),No,No,(201) 796-8700,"375 River Dr, Elmwood Park, NJ 07407",40.9095873,-74.1295931
266,267,Lacey Township High School,Public,12-Sep,73 Haines Street,Lanoka Harbor,8734,Lacey Township School District,No,(n/a),No,No,(609) 971-2020,"73 Haines Street, Lanoka Harbor, NJ 08734",39.8606743,-74.19486409999999
267,268,Central Regional High School,Public,12-Sep,509 Forest Hills Parkway,Bayville,8721,Central Regional School District,No,(n/a),No,Yes,(732) 269-1100,"509 Forest Hills Parkway, Bayville, NJ 08721",39.8894224,-74.2105845
268,269,Sayreville War Memorial High School,Public,12-Sep,820 Washington Road,Parlin,8859,Sayreville School District,No,(n/a),No,No,(732) 525-5252,"820 Washington Road, Parlin, NJ 08859",40.4630356,-74.3172733
269,270,Belleville High School,Public,12-Sep,100 Passaic Ave,Belleville,7109,Belleville Public Schools,No,(n/a),No,Yes,(973) 532-5012,"100 Passaic Ave, Belleville, NJ 07109",40.8029973,-74.161613
270,271,Middletown High School North,Public,12-Sep,63 Tindall Road,Middletown,7748,Middletown Township Public School District,No,(n/a),No,Yes,(732) 706-6061,"63 Tindall Road, Middletown, NJ 07748",40.4023311,-74.0975797
271,272,Hamilton East - Steinert,Public,12-Sep,2900 Klockner Road,Hamilton,8690,Hamilton Township Public School District,No,(n/a),No,No,(609) 631-4150,"2900 Klockner Road, Hamilton, NJ 08690",40.2162325,-74.6618173
272,273,Middlesex County Vocational School Perth Amboy,Public,12-Sep,457 High Street,Perth Amboy,8861,Middlesex County Vocational and Technical School District,No,(n/a),No,Yes,(732) 376-6300,"457 High Street, Perth Amboy, NJ 08861",40.5141188,-74.2628199
273,274,Jackson Liberty High School,Public,12-Sep,125 North Hope Chapel Road,Jackson,8527,Jackson Township School District,No,(n/a),No,No,(732) 833-4700,"125 North Hope Chapel Road, Jackson, NJ 08527",40.0893078,-74.2614617
274,275,Manchester Township High School,Public,12-Sep,101 S Colonial Dr,Manchester,8759,Manchester Township School District,No,(n/a),No,No,(732) 657-2121,"101 S Colonial Dr, Manchester, NJ 08759",40.0055734,-74.3101712
275,276,Dunellen High School,Public,12-Sep,411 First Street,Dunellen,8812,Dunellen Public School District,No,(n/a),No,Yes,(732) 968-0885,"411 First Street, Dunellen, NJ 08812",40.5922364,-74.4680411
276,277,Palisades Park Junior-Senior High School,Public,12-Jul,Veterans Plaza,Palisades Park,7650,Palisades Park School District,No,(n/a),No,Yes,(201) 941-1100,"Veterans Plaza, Palisades Park, NJ 07650",40.8387582,-73.9938533
277,278,TEAM Academy Charter School,"Public, Charter, Alternative",K-12,60 Park Place,Newark,7102,TEAM Academy Charter School,Yes,(n/a),No,Yes,(973) 622-0905,"60 Park Place, Newark, NJ 07102",40.7382754,-74.1689062
278,279,Toms River High School South,Public,12-Sep,55 Hyers Street,Toms River,8753,Toms River Regional School District,No,(n/a),No,No,(732) 505-5738,"55 Hyers Street, Toms River, NJ 08753",39.955879,-74.195262
279,280,Burlington County Institute of Technology - Medford,Public,12-Sep,10 Hawkin Road,Medford,8055,Burlington County Institute of Technology School District,No,(n/a),No,Yes,(609) 654-0200,"10 Hawkin Road, Medford, NJ 08055",39.8943912,-74.80266859999999
280,281,Winslow Township High School,Public,12-Sep,10 Cooper Folly Road,Atco,8004,Winslow Township School District,No,(n/a),No,Yes,(856) 767-1850,"10 Cooper Folly Road, Atco, NJ 08004",39.7454119,-74.9070824
281,282,Oakcrest High School,Public,12-Sep,1824 Dr Dennis Foreman Drive,Mays Landing,8330,Greater Egg Harbor Regional High School District,No,(n/a),No,Yes,(609) 909-2600,"1824 Dr Dennis Foreman Drive, Mays Landing, NJ 08330",39.4547918,-74.67554369999999
282,283,Union County TEAMS Charter School,"Public, Charter, Alternative",K-12,515 517 West Fourth Street,Plainfield,7060,Union County TEAMS Charter School-High School/College LA,Yes,(n/a),No,Yes,(908) 754-9043,"515 517 West Fourth Street, Plainfield, NJ 07060",40.6119038,-74.42586770000001
283,284,Wallington Junior Senior High School,Public,12-Jul,234 Main Ave,Wallington,7057,Wallington Boro School District,No,(n/a),No,No,(973) 777-0808,"234 Main Ave, Wallington, NJ 07057",40.8549136,-74.10683639999999
284,285,Bordentown Regional High School,Public,12-Sep,318 Ward Ave,Bordentown,8505,Bordentown Regional School District,No,(n/a),No,No,(609) 298-0025,"318 Ward Ave, Bordentown, NJ 08505",40.1543033,-74.68402669999999
285,286,South River High School,Public,12-Sep,11 Montgomery Street,South River,8882,South River Public School District,No,(n/a),No,Yes,(732) 613-4014,"11 Montgomery Street, South River, NJ 08882",40.4395491,-74.38046489999999
286,287,North Arlington High School,Public,12-Sep,222 Ridge Road,North Arlington,7031,North Arlington School District,No,(n/a),No,No,(201) 991-6800,"222 Ridge Road, North Arlington, NJ 07031",40.7890856,-74.1323458
287,288,Florence Township Memorial High School,Public,12-Sep,1050 Cedar Lane,Burlington,8016,Florence Township School District,No,(n/a),No,Yes,(609) 499-4620,"1050 Cedar Lane, Burlington, NJ 08016",40.093616,-74.79347190000001
288,289,Burlington County Institute of Technology - Westampton,Public,12-Sep,695 Woodlane Road,Westampton,8060,Burlington County Institute of Technology School District,No,(n/a),No,Yes,(609) 267-4226,"695 Woodlane Road, Westampton, NJ 08060",40.0181596,-74.8232872
289,290,West Orange High School,Public,12-Sep,51 Conforti Ave,West Orange,7052,West Orange Public Schools,No,(n/a),No,No,(973) 669-5301,"51 Conforti Ave, West Orange, NJ 07052",40.8066775,-74.26020679999999
290,291,Henry P. Becton Regional High School,Public,12-Sep,120 Paterson Avenue,East Rutherford,7073,Carlstadt-East Rutherford Regional High School District,No,(n/a),No,Yes,(201) 935-3007,"120 Paterson Avenue, East Rutherford, NJ 07073",40.8322214,-74.0929792
291,292,Glassboro High School,Public,12-Sep,560 Joseph L Bowe Blvd,Glassboro,8028,Glassboro School District,No,(n/a),No,Yes,(856) 652-2700,"560 Joseph L Bowe Blvd, Glassboro, NJ 08028",39.715868,-75.121398
292,293,Arts High School,Public,12-Jul,550 M L King Blvd,Newark,7102,Newark Public School District,No,(n/a),No,Yes,(973) 733-7391,"550 M L King Blvd, Newark, NJ 07102",40.7340495,-74.1800976
293,294,Long Branch High School,Public,12-Sep,404 Indiana Avenue,Long Branch,7740,LONG BRANCH PUBLIC SCHOOL District,No,(n/a),No,Yes,(732) 229-7300,"404 Indiana Avenue, Long Branch, NJ 07740",40.2902774,-73.9901132
294,295,Hoboken Charter School,"Public, Charter, Alternative",K-12,713 Washington St,Hoboken,7030,Hoboken Charter School,Yes,(n/a),No,Yes,(201) 963-0222,"713 Washington St, Hoboken, NJ 07030",40.7452277,-74.02815319999999
295,296,Middlesex County Vocational School East Brunswick,Public,12-Sep,112 Rues Lane,East Brunswick,8816,Middlesex County Vocational and Technical School District,No,(n/a),No,No,(732) 254-8700,"112 Rues Lane, East Brunswick, NJ 08816",40.4220816,-74.38601229999999
296,297,Gateway Regional High School,Public,12-Jul,775 Tanyard Rd,Woodbury Hts,8096,Gateway Regional School District,No,(n/a),No,Yes,(856) 848-8200,"775 Tanyard Rd, Woodbury Hts, NJ 08096",39.8174389,-75.1406849
297,298,Wildwood High School,Public,12-Sep,4300 Pacific Ave,Wildwood,8260,Wildwood City School District,No,(n/a),No,Yes,(609) 522-7922,"4300 Pacific Ave, Wildwood, NJ 08260",38.9857374,-74.8197327
298,299,North Plainfield Middle School,Public,12-Sep,34 Wilson Avenue,North Plainfield,7060,North Plainfield School District,No,(n/a),No,Yes,(908) 769-6040,"34 Wilson Avenue, North Plainfield, NJ 07060",40.62277,-74.438452
299,300,Hamilton North - Nottingham,Public,12-Sep,1055 Klockner Road,Hamilton,8619,Hamilton Township Public School District,No,(n/a),No,No,(609) 631-4161,"1055 Klockner Road, Hamilton, NJ 08619",40.2297455,-74.7092898
300,301,Perth Amboy High School,Public,12-Sep,300 Eagle Ave,Perth Amboy,8861,Perth Amboy Public School District,No,(n/a),No,Yes,(732) 376-6030,"300 Eagle Ave, Perth Amboy, NJ 08861",40.52365229999999,-74.2702924
301,302,Arthur P. Schalick High School,Public,12-Sep,718 Centerton Road,Pittsgrove,8318,Pittsgrove Township School District,No,(n/a),No,Yes,(856) 358-2054,"718 Centerton Road, Pittsgrove, NJ 08318",39.5288419,-75.1631113
302,303,Middle Township High School,Public,12-Sep,300 East Atlantic Avenue,Cape May Court House,8210,Middle Township Public School District,No,(n/a),No,Yes,(609) 465-1852,"300 East Atlantic Avenue, Cape May Court House, NJ 08210",39.0753845,-74.8193095
303,304,Maple Shade High School,Public,12-Jul,180 Frederick Ave,Maple Shade,8052,Maple Shade School District,No,(n/a),No,Yes,(856) 779-2880,"180 Frederick Ave, Maple Shade, NJ 08052",39.9477723,-75.006075
304,305,Overbrook Senior High School,Public,12-Sep,1200 Turnersville Road,Pine Hill,8021,Pine Hill School District,No,(n/a),No,Yes,(856) 767-8000,"1200 Turnersville Road, Pine Hill, NJ 08021",39.7778281,-74.9659929
305,306,Keyport High School,Public,12-Sep,351 Broad Street,Keyport,7735,Keyport School District,No,(n/a),No,Yes,(732) 212-6100,"351 Broad Street, Keyport, NJ 07735",40.42840899999999,-74.1961956
306,307,Buena Regional High School,Public,12-Sep,125 Weymouth Road,Buena,8310,Buena Regional School District,No,(n/a),No,Yes,(856) 697-2400,"125 Weymouth Road, Buena, NJ 08310",39.5363866,-74.9187764
307,308,Paterson Charter School for Science/Technology,"Public, Charter, Alternative",K-12,196 West Railway Avenue,Paterson,7503,Paterson Charter School for Science and Technology,Yes,(n/a),No,Yes,(973) 247-0600,"196 West Railway Avenue, Paterson, NJ 07503",40.8959184,-74.1550994
308,309,Middlesex County Vocational School Piscataway,Public,12-Sep,21 Suttons Lane,Piscataway,8854,Middlesex County Vocational and Technical School District,No,(n/a),No,Yes,(732) 985-0717,"21 Suttons Lane, Piscataway, NJ 08854",40.52491819999999,-74.4281013
309,310,Camden County Technical School-Pennsauken,Public,12-Sep,6008 Browning Road,Pennsauken,8109,Camden County Technical School District,No,(n/a),No,Yes,(856) 663-1040,"6008 Browning Road, Pennsauken, NJ 08109",39.9392068,-75.06689519999999
310,311,Dr. Charles E. Brimm Medical Arts High School,Public,12-Sep,1626 Copewood Street,Camden,8103,Camden City School District,No,(n/a),No,Yes,(856) 966-2500,"1626 Copewood Street, Camden, NJ 08103",39.9236995,-75.0953337
311,312,Woodbridge High School,Public,12-Sep,25 Samuel Lupo Place,Woodbridge,7095,Woodbridge Township School District,No,(n/a),No,No,(732) 602-8600,"25 Samuel Lupo Place, Woodbridge, NJ 07095",40.5660641,-74.2870106
312,313,Burlington City High School,Public,12-Jul,100 Blue Devil WAy,Burlington,8016,Burlington City Public School District,No,(n/a),No,Yes,(609) 387-5800,"100 Blue Devil WAy, Burlington, NJ 08016",40.0701318,-74.85164189999999
313,314,Carteret High School,Public,12-Sep,199 Washington Avenue,Carteret,7008,Carteret Public School District,No,(n/a),No,Yes,(732) 541-8960,"199 Washington Avenue, Carteret, NJ 07008",40.58031,-74.22737860000001
314,315,Hamilton West-Watson,Public,12-Sep,2720 South Clinton Avenue,Hamilton,8610,Hamilton Township Public School District,No,(n/a),No,No,(609) 631-4168,"2720 South Clinton Avenue, Hamilton, NJ 08610",40.199059,-74.723361
315,316,Memorial High School,Public,12-Sep,5501 Park Ave,West New York,7093,West New York Board Of Education,No,(n/a),No,Yes,(201) 553-4110,"5501 Park Ave, West New York, NJ 07093",40.7834587,-74.0126605
316,317,Pennsville Memorial High School,Public,12-Sep,110 S Broadway,Pennsville,8070,Pennsville Public School District,No,(n/a),No,Yes,(856) 540-6200,"110 S Broadway, Pennsville, NJ 08070",39.6510907,-75.5178918
317,318,Cumberland Regional High School,Public,12-Sep,90 Silver Lake Road,Bridgeton,8302,Cumberland Regional School District,No,(n/a),No,Yes,(856) 451-9400,"90 Silver Lake Road, Bridgeton, NJ 08302",39.474169,-75.223569
318,319,The Barack Obama Green Charter High School,"Public, Charter",12-Sep,35 Watchung ave,Plainfield,7060,The Barack Obama Green Charter High School District,Yes,(n/a),No,Yes,(877) 643-4064,"35 Watchung ave, Plainfield, NJ 07060",40.6205342,-74.42327809999999
319,320,Orange High School,Public,12-Sep,400 Lincoln Ave,Orange,7050,Orange Board Of Education School District,No,(n/a),No,Yes,(973) 677-4050,"400 Lincoln Ave, Orange, NJ 07050",40.7658026,-74.2395074
320,321,Garfield High School,Public,12-Sep,500 Palisade Ave,Garfield,7026,Garfield Public School District,No,(n/a),No,Yes,(973) 340-5010,"500 Palisade Ave, Garfield, NJ 07026",40.8826883,-74.1125259
321,322,Hopatcong High School,Public,12-Sep,2A Windsor Ave,Hopatcong,7843,Hopatcong Borough School District,No,(n/a),No,No,(973) 398-8803,"2A Windsor Ave, Hopatcong, NJ 07843",40.9266352,-74.6708538
322,323,Harrison High School,Public,12-Sep,401 Kingsland Avenue,Harrison,7029,Harrison Public Schools,No,(n/a),No,Yes,(973) 482-5050,"401 Kingsland Avenue, Harrison, NJ 07029",40.7497787,-74.14766809999999
323,324,Pemberton Township High School,Public,12-Sep,148 Arneys Mount Road,Pemberton,8068,Pemberton Township School District,No,(n/a),No,Yes,(609) 893-8141,"148 Arneys Mount Road, Pemberton, NJ 08068",39.9928022,-74.6858262
324,325,South Amboy Middle/High School,Public,12-Jun,200 Governor Harold G Hoffman,South Amboy,8879,South Amboy School District,No,(n/a),No,Yes,(732) 316-7669,"200 Governor Harold G Hoffman, South Amboy, NJ 08879",40.4814528,-74.2741291
325,326,Thomas Jefferson Arts Academy,Public,12-Sep,27 Martin Luther King Jr Plaza,Elizabeth,7201,Elizabeth Public Schools,No,(n/a),No,Yes,(908) 436-6767,"27 Martin Luther King Jr Plaza, Elizabeth, NJ 07201",40.6627922,-74.2109136
326,327,Creative Arts Morgan Village Academy,Public,12-Jun,990 Morgan Boulevard,Camden,8104,Camden City School District,No,(n/a),No,Yes,(856) 966-6267,"990 Morgan Boulevard, Camden, NJ 08104",39.9130015,-75.1097454
327,328,Ewing High School,Public,12-Sep,900 Parkway Ave,Ewing,8618,Ewing Township School District,No,(n/a),No,Yes,(609) 538-9800,"900 Parkway Ave, Ewing, NJ 08618",40.25495,-74.7906435
328,329,Cape May County Technical High SChool,Public,12-Sep,188 Crest Haven Rd,Cape May Court House,8210,Cape May County Technical High School District,No,(n/a),No,Yes,(609) 380-0200,"188 Crest Haven Rd, Cape May Court House, NJ 08210",39.1045804,-74.79846239999999
329,330,Warren County Vocational Technical School,Public,12-Sep,1500 Route 57,Washington,7882,Warren County Technical School District,No,(n/a),No,Yes,(908) 689-0122,"1500 Route 57, Washington, NJ 07882",40.7420608,-75.02410549999999
330,331,Linden High School,Public,12-Sep,121 W St George Ave,Linden,7036,Linden Public School District,No,(n/a),No,No,(908) 486-5432,"121 W St George Ave, Linden, NJ 07036",40.6347422,-74.2650663
331,332,Hoboken High School,Public,12-Sep,Ninth & Clinton Sts,Hoboken,7030,Hoboken Public School District,No,(n/a),No,Yes,(201) 356-3701,"Ninth & Clinton Sts, Hoboken, NJ 07030",40.7606894,-73.97038529999999
332,333,Asbury Park High School,Public,12-Sep,1001 Sunset Avenue,Asbury Park,7712,Asbury Park School District,No,(n/a),No,Yes,(732) 776-2638,"1001 Sunset Avenue, Asbury Park, NJ 07712",40.2284978,-74.0131736
333,334,Woodbury Junior-Senior High School,Public,12-Jun,25 N. Broad Street,Woodbury,8096,Woodbury City Public School District,No,(n/a),No,Yes,(856) 853-0123,"25 N. Broad Street, Woodbury, NJ 08096",39.8397915,-75.1536716
334,335,Penns Grove High School,Public,12-Sep,334 Harding Highway,Carneys Point,8069,Penns Grove-Carneys Point Regional School District,No,(n/a),No,Yes,(856) 299-6300,"334 Harding Highway, Carneys Point, NJ 08069",39.7158329,-75.4580026
335,336,Sterling High School,Public,12-Sep,501 South Warwick Road,Somerdale,8083,Sterling Regional School District,No,(n/a),No,Yes,(856) 784-1333,"501 South Warwick Road, Somerdale, NJ 08083",39.8360706,-75.0258842
336,337,Clayton High School,Public,12-Sep,55 Pop Kramer Blvd,Clayton,8312,Clayton Public School District,No,(n/a),No,Yes,(856) 881-8701,"55 Pop Kramer Blvd, Clayton, NJ 08312",39.6603501,-75.0838539
337,338,David Brearley Middle/High School,Public,12-Jul,401 Monroe Avenue,Kenilworth,7033,Kenilworth School District,No,(n/a),No,Yes,(908) 931-9696,"401 Monroe Avenue, Kenilworth, NJ 07033",40.6797075,-74.29550150000001
338,339,Mercer County Technical School Culinary Arts Academy,Public,12-Sep,129 Bull Run Road,Pennington,8534,Area Vocational Technical Schools of Mercer County,No,(n/a),No,No,(609) 737-9785,"129 Bull Run Road, Pennington, NJ 08534",40.2866799,-74.76841300000001
339,340,Academy of Technology Design,Public,12-Sep,525 Montgomery Street,Jersey City,7302,Hudson County Schools of Technology School District,No,(n/a),No,Yes,(201) 631-6331,"525 Montgomery Street, Jersey City, NJ 07302",40.7216797,-74.059479
340,341,Garrett Morgan Academy,Public,12-Sep,200 Grand Street,Paterson,7501,Paterson Public School District,No,(n/a),No,Yes,(973) 321-2540,"200 Grand Street, Paterson, NJ 07501",40.9093835,-74.1796848
341,342,Hillside High School,Public,12-Sep,1085 Liberty Ave,Hillside,7205,Hillside Public School District,No,(n/a),No,Yes,(908) 352-7664,"1085 Liberty Ave, Hillside, NJ 07205",40.6913258,-74.2360149
342,343,Salem High School,Public,12-Sep,219 Walnut St,Salem,8079,Salem City School District,No,(n/a),No,Yes,(856) 935-3900,"219 Walnut St, Salem, NJ 08079",39.5607665,-75.48364149999999
343,344,Kearny High School,Public,12-Sep,336 Devon St,Kearny,7032,Kearny,No,(n/a),No,Yes,(201) 955-5050,"336 Devon St, Kearny, NJ 07032",40.7618388,-74.1472093
344,345,North Bergen High School,Public,12-Sep,7417 Kennedy Blvd,North Bergen,7047,North Bergen School District,No,(n/a),No,Yes,(201) 295-2800,"7417 Kennedy Blvd, North Bergen, NJ 07047",40.8015384,-74.0139459
345,346,Passaic County-Manchester Regional High School,Public,12-Sep,70 Church Street,Haledon,7508,Passaic County Manchester Regional High School District,No,(n/a),No,Yes,(973) 389-2821,"70 Church Street, Haledon, NJ 07508",40.9415722,-74.1785841
346,347,International High School,Public,12-Sep,200 Grand Street,Paterson,7501,Paterson Public School District,No,(n/a),No,Yes,(973) 321-2280,"200 Grand Street, Paterson, NJ 07501",40.9093835,-74.1796848
347,348,William L Dickinson High School,Public,12-Sep,2 Palisade Ave,Jersey City,7306,Jersey City Public Schools,No,(n/a),No,Yes,(201) 714-4400,"2 Palisade Ave, Jersey City, NJ 07306",40.729802,-74.05384099999999
348,349,Chartertech High School for the Performing Arts,"Public, Charter",12-Sep,413 New Road,Somers Point,8244,Chartertech High School for the Performing Arts,Yes,(n/a),No,Yes,(609) 926-7694,"413 New Road, Somers Point, NJ 08244",39.3273841,-74.6000558
349,350,Academy for Urban Leadership Charter School,"Public, Charter",12-Jul,612 Amboy Ave,Perth Amboy,8861,Academy for Urban Leadership Charter School,Yes,(n/a),No,Yes,(848) 203-3742,"612 Amboy Ave, Perth Amboy, NJ 08861",40.5210369,-74.2757477
350,351,Academy Charter High School,"Public, Charter",12-Sep,1725 Main Street,Lake Como,7719,Academy Charter High School,Yes,(n/a),No,Yes,(732) 681-8377,"1725 Main Street, Lake Como, NJ 07719",40.1712029,-74.0278548
351,352,Bound Brook High School,Public,12-Sep,111 West Union Avenue,Bound Brook,8805,Bound Brook School District,No,(n/a),No,Yes,(732) 652-7950,"111 West Union Avenue, Bound Brook, NJ 08805",40.5676296,-74.5363497
352,353,American History High School,Public,12-Jul,74 Montgomery St,Newark,7103,Newark Public School District,No,(n/a),No,Yes,(973) 733-7333,"74 Montgomery St, Newark, NJ 07103",40.730577,-74.18647279999999
353,354,Atlantic City High School,Public,12-Sep,1400 N Albany Avenue,Atlantic City,8401,Atlantic City School District,No,(n/a),No,Yes,(609) 343-7300,"1400 N Albany Avenue, Atlantic City, NJ 08401",39.366993,-74.477057
354,355,Freedom Prep Charter School,"Public, Charter, Alternative",K-12,1000 Atlantic AVE,Camden,8104,Freedom Prep Charter School,Yes,(n/a),No,Yes,(856) 962-0766,"1000 Atlantic AVE, Camden, NJ 08104",39.9286174,-75.1079913
355,356,New Brunswick High School,Public,12-Sep,1000 Somerset St,New Brunswick,8901,New Brunswick School District,No,(n/a),No,Yes,(732) 745-5300,"1000 Somerset St, New Brunswick, NJ 08901",40.4807916,-74.482053
356,357,School Of Earth And Space Science,Public,12-Sep,201 Memorial Drive,Paterson,7505,Paterson Public School District,No,(n/a),No,Yes,(973) 321-2290,"201 Memorial Drive, Paterson, NJ 07505",40.9166966,-74.16812639999999
357,358,Riverside High School,Public,12-Sep,112 E Washington Street,Riverside,8075,Riverside Township School District,No,(n/a),No,Yes,(856) 461-1255,"112 E Washington Street, Riverside, NJ 08075",40.0340813,-74.9553087
358,359,Vineland Senior High School,Public,12-Sep,2880 E Chestnut Ave,Vineland,8360,Vineland Public School District,No,(n/a),No,Yes,(856) 794-6800,"2880 E Chestnut Ave, Vineland, NJ 08360",39.4775542,-74.9725718
359,360,Lakewood High School,Public,12-Sep,855 Somerset Avenue,Lakewood,8701,Lakewood Township School District,No,(n/a),No,Yes,(732) 905-3500,"855 Somerset Avenue, Lakewood, NJ 08701",40.0992708,-74.19313629999999
360,361,Keansburg High School,Public,12-Sep,140 Port Monmouth Road,Keansburg,7734,Keansburg School District,No,(n/a),No,No,(732) 787-2007,"140 Port Monmouth Road, Keansburg, NJ 07734",40.4399536,-74.12386409999999
361,362,Leap Academy University Charter School,"Public, Charter, Alternative",K-12,130 North Broadway,Camden,8102,LEAP Academy University Charter School,Yes,(n/a),No,Yes,(856) 614-0400,"130 North Broadway, Camden, NJ 08102",39.9460794,-75.1183046
362,363,East Side High School,Public,12-Sep,238 Van Buren St,Newark,7105,Newark Public School District,No,(n/a),No,Yes,(973) 465-4900,"238 Van Buren St, Newark, NJ 07105",40.7240215,-74.1587232
363,364,University Academy Charter High School,"Public, Charter",12-Sep,275 West Side Avenue,Jersey City,7305,University Academy Charter High School,Yes,(n/a),No,Yes,(201) 200-3200,"275 West Side Avenue, Jersey City, NJ 07305",40.712294,-74.0919894
364,365,Henry Snyder High School,Public,12-Sep,239 Bergen Ave,Jersey City,7305,Jersey City Public Schools,No,(n/a),No,Yes,(201) 915-6600,"239 Bergen Ave, Jersey City, NJ 07305",40.71039409999999,-74.0846276
365,366,University High School,Public,12-Jul,55 Clinton Pl,Newark,7108,Newark Public School District,No,(n/a),No,Yes,(973) 374-3190,"55 Clinton Pl, Newark, NJ 07108",40.7213685,-74.2112375
366,367,School of Health Science,Public,12-Sep,5-7 Colt St,Paterson,7505,Paterson Public School District,No,(n/a),No,Yes,(973) 321-0560,"5-7 Colt St, Paterson, NJ 07505",40.91709960000001,-74.1713061
367,368,Memorial High School,Public,12-Sep,504 East Broad Street,Millville,8332,Millville School District,No,(n/a),No,Yes,(856) 327-6072,"504 East Broad Street, Millville, NJ 08332",39.4029937,-75.03254749999999
368,369,Rahway High School,Public,12-Sep,1012 Madison Ave,Rahway,7065,Rahway Public School District,No,(n/a),No,Yes,(732) 396-1090,"1012 Madison Ave, Rahway, NJ 07065",40.6108308,-74.29412909999999
369,370,Neptune High School,Public,12-Sep,55 Neptune Boulevard,Neptune,7753,Neptune Township School District,No,(n/a),No,Yes,(732) 776-2200,"55 Neptune Boulevard, Neptune, NJ 07753",40.2126432,-74.0362548
370,371,Abraham Clark High School,Public,12-Sep,122 East 6th Ave,Roselle,7203,Roselle Public Schools,No,(n/a),No,Yes,(908) 298-2000,"122 East 6th Ave, Roselle, NJ 07203",40.653543,-74.2616738
371,372,John E. Dwyer Technology Academy,Public,12-Sep,123 Pearl St,Elizabeth,7202,Elizabeth Public Schools,No,(n/a),No,Yes,(908) 436-6565,"123 Pearl St, Elizabeth, NJ 07202",40.6603569,-74.212429
372,373,M.E.T.S. Charter School,"Public, Charter",12-Jun,211 Sherman Ave,Jersey City,7307,M.E.T.S. Charter School,Yes,(n/a),No,Yes,(201) 526-8500,"211 Sherman Ave, Jersey City, NJ 07307",40.74793830000001,-74.0451185
373,374,School Of Science Technology Engineering And Mathematics,Public,12-Sep,61-127 Preakness Avenue,Paterson,7502,Paterson Public School District,No,(n/a),No,Yes,(973) 321-0500,"61-127 Preakness Avenue, Paterson, NJ 07502",40.9145333,-74.1872983
374,375,Camden's Promise Charter School,"Public, Charter, Alternative","PK, KG-12",879 Beideman Ave,Camden,8105,Camden's Promise Charter School,Yes,(n/a),No,No,(856) 365-1000,"879 Beideman Ave, Camden, NJ 08105",39.9575369,-75.0857651
375,376,Plainfield High School,Public,12-Sep,950 Park Avenue,Plainfield,7060,Plainfield Public School District,No,(n/a),No,Yes,(908) 731-4390,"950 Park Avenue, Plainfield, NJ 07060",40.6114376,-74.41330099999999
376,377,Trenton Central High School - Main Campus,Public,12-Oct,171 Division Street,Trenton,8611,Trenton Public School District,No,(n/a),No,Yes,(609) 278-7260,"171 Division Street, Trenton, NJ 08611",40.21192509999999,-74.7455255
377,378,Lindenwold High School,Public,12-Sep,801 Egg Harbor Road,Lindenwold,8021,Lindenwold Public School District,No,(n/a),No,Yes,(856) 741-0320,"801 Egg Harbor Road, Lindenwold, NJ 08021",39.820611,-74.9755382
378,379,Rosa L. Parks School of Fine and Performing Arts,Public,12-Sep,413 12th Avenue,Paterson,7514,Paterson Public School District,No,(n/a),No,Yes,(973) 321-0520,"413 12th Avenue, Paterson, NJ 07514",40.9207407,-74.1464754
379,380,Peoples Preparatory Charter School,"Public, Charter",12-Sep,321 Bergen Street,Newark,7103,Peoples Preparatory Charter School District,Yes,(n/a),No,Yes,(973) 622-1790,"321 Bergen Street, Newark, NJ 07103",40.7349262,-74.19546179999999
380,381,Lincoln High School,Public,12-Sep,60 Crescent Ave,Jersey City,7304,Jersey City Public Schools,No,(n/a),No,Yes,(201) 915-6700,"60 Crescent Ave, Jersey City, NJ 07304",40.7174208,-74.0700804
381,382,Malcolm X Shabazz High School,Public,12-Sep,80 Johnson Ave,Newark,7108,Newark Public School District,No,(n/a),No,Yes,(973) 733-6974,"80 Johnson Ave, Newark, NJ 07108",40.7182491,-74.1917012
382,383,James J Ferris High School,Public,12-Sep,35 Colgate St,Jersey City,7302,Jersey City Public Schools,No,(n/a),No,Yes,(201) 915-6660,"35 Colgate St, Jersey City, NJ 07302",40.7217188,-74.0528731
383,384,Pennsauken High School,Public,12-Sep,800 Hylton Road,Pennsauken,8110,Pennsauken Township Board Of Education School District,No,(n/a),No,Yes,(856) 662-8500,"800 Hylton Road, Pennsauken, NJ 08110",39.986962,-75.02618799999999
384,385,Barringer Arts High School,Public,12-Sep,90 Parker St,Newark,7104,Newark Public School District,No,(n/a),No,Yes,(973) 268-5125,"90 Parker St, Newark, NJ 07104",40.7554216,-74.17985200000001
385,386,Thomas A. Edison Career and Technical Academy,Public,12-Sep,625 Summer St,Elizabeth,7202,Elizabeth Public Schools,No,(n/a),No,Yes,(908) 436-6800,"625 Summer St, Elizabeth, NJ 07202",40.6507362,-74.21160429999999
386,387,Trenton Stem-to-Civics Charter School,"Public, Charter",12-Jun,1555 Pennington Raod,Ewing,8618,Trenton Stem-to-Civics Charter School,Yes,(n/a),No,No,(609) 619-2000,"1555 Pennington Raod, Ewing, NJ 08618",40.2519224,-74.7778907
387,388,J. Christian Bollwage Finance Academy,Public,12-Sep,447 Richmond Street,Elizabeth,7202,Elizabeth Public Schools,No,(n/a),No,No,(908) 436-6500,"447 Richmond Street, Elizabeth, NJ 07202",40.6448049,-74.20958639999999
388,389,Admiral William F. Halsey Junior Health & Public Safety Academy,Public,12-Sep,641 South Street,Elizabeth,7202,Elizabeth Public Schools,No,(n/a),No,Yes,(908) 436-6600,"641 South Street, Elizabeth, NJ 07202",40.65916850000001,-74.2120274
389,390,East Orange Campus High School,Public,12-Sep,344 Prospect Street,East Orange,7017,East Orange School District,No,(n/a),No,Yes,(973) 266-7300,"344 Prospect Street, East Orange, NJ 07017",40.776098,-74.2074603
390,391,Irvington High School,Public,12-Sep,1253 Clinton Ave,Irvington,7111,Irvington Public School District,No,(n/a),No,Yes,(973) 399-6897,"1253 Clinton Ave, Irvington, NJ 07111",40.7297385,-74.234324
391,392,Bridgeton High School,Public,12-Sep,111 N West Avenue,Bridgeton,8302,Bridgeton City School District,No,(n/a),No,Yes,(856) 455-8030,"111 N West Avenue, Bridgeton, NJ 08302",39.4377182,-75.244895
392,393,Woodrow Wilson High School,Public,12-Sep,3100 Federal Street,Camden,8105,Camden City School District,No,(n/a),No,Yes,(856) 966-5300,"3100 Federal Street, Camden, NJ 08105",39.9466205,-75.0775176
393,394,Camden Big Picture Learning Academy,Public,12-Jun,1725 Park Boulevard,Camden,8103,Camden City School District,No,(n/a),No,Yes,(856) 966-5122,"1725 Park Boulevard, Camden, NJ 08103",39.9338598,-75.0974265
394,395,Middlesex County Vocational School East Bruns. School of Career Develop,Public,12-Sep,112 Rues Lane,East Brunswick,8816,Middlesex County Vocational and Technical School District,No,(n/a),No,No,(732) 257-7715,"112 Rues Lane, East Brunswick, NJ 08816",40.4220816,-74.38601229999999
395,396,LEAD Charter School,"Public, Charter",12-Sep,201 Bergen Street,Newark,7103,LEAD Charter School,Yes,(n/a),No,Yes,(973) 297-0592,"201 Bergen Street, Newark, NJ 07103",40.738519,-74.193546
396,397,School of Business Technology Marketing and Finance,Public,12-Sep,61-127 Preakness Avenue,Paterson,7502,Paterson Public School District,No,(n/a),No,Yes,(973) 321-0500,"61-127 Preakness Avenue, Paterson, NJ 07502",40.9145333,-74.1872983
397,398,Willingboro High School,Public,12-Sep,20 Jfk Way,Willingboro,8046,Willingboro Public School District,No,(n/a),No,Yes,(609) 835-8800,"20 Jfk Way, Willingboro, NJ 08046",40.0170627,-74.8859271
398,399,Paulsboro High School,Public,12-Sep,670 N Delaware St,Paulsboro,8066,Paulsboro School District,No,(n/a),No,No,(856) 423-2222,"670 N Delaware St, Paulsboro, NJ 08066",39.8368692,-75.24480260000001
399,400,Weequahic High School,Public,12-Sep,279 Chancellor Ave,Newark,7112,Newark Public School District,No,(n/a),No,Yes,(973) 705-3923,"279 Chancellor Ave, Newark, NJ 07112",40.7093041,-74.2200419
400,401,Alternative High School,Public,12-Jun,350 Market Street,Paterson,7501,Paterson Public School District,No,(n/a),No,Yes,(973) 321-0570,"350 Market Street, Paterson, NJ 07501",40.9143119,-74.1638507
401,402,School Of Information Technology,Public,12-Sep,150 Park Avenue,Paterson,7501,Paterson Public School District,No,(n/a),No,Yes,(973) 321-2490,"150 Park Avenue, Paterson, NJ 07501",40.9143052,-74.15987
402,403,Central High School,Public,12-Sep,250 18th Avenue,Newark,7103,Newark Public School District,No,(n/a),No,Yes,(973) 733-6378,"250 18th Avenue, Newark, NJ 07103",40.7296139,-74.1935817
403,404,Daylight/Twilight High School,Public,12-Sep,501 Edgewood Avenue,Trenton,8618,Trenton Public School District,No,(n/a),No,Yes,(609) 656-4850,"501 Edgewood Avenue, Trenton, NJ 08618",40.2284489,-74.7803364
404,405,School Of Culinary Arts Hospitality And Tourism,Public,12-Sep,150 Park Avenue,Paterson,7501,Paterson Public School District,No,(n/a),No,Yes,(973) 321-2489,"150 Park Avenue, Paterson, NJ 07501",40.9143052,-74.15987
405,406,Passaic High School No. 12,Public,12-Sep,170 Paulison Ave.,Passaic,7055,Passaic City School District,No,(n/a),No,Yes,(973) 470-5600,"170 Paulison Ave., Passaic, NJ 07055",40.8567838,-74.1276323
406,407,School Of Education And Training,Public,12-Sep,61-127 Preakness Avenue,Paterson,7502,Paterson Public School District,No,(n/a),No,Yes,(973) 321-0500,"61-127 Preakness Avenue, Paterson, NJ 07502",40.9145333,-74.1872983
407,408,School Of Architecture And Construction Trades,Public,12-Sep,61-127 Preakness Avenue,Paterson,7502,Paterson Public School District,No,(n/a),No,Yes,(973) 321-0500,"61-127 Preakness Avenue, Paterson, NJ 07502",40.9145333,-74.1872983
408,409,Pleasantville High School,Public,12-Sep,701 Mill Road,Pleasantville,8232,Pleasantville Public School District,No,(n/a),No,Yes,(609) 383-6900,"701 Mill Road, Pleasantville, NJ 08232",39.406362,-74.52615
409,410,Camden High School,Public,12-Sep,1875 Park Boulevard,Camden,8103,Camden City School District,No,(n/a),No,Yes,(856) 966-5100,"1875 Park Boulevard, Camden, NJ 08103",39.9309249,-75.0953337
410,411,School of Government and Public Administration,Public,12-Sep,150 Park Avenue,Paterson,7501,Paterson Public School District,No,(n/a),No,Yes,(973) 321-2488,"150 Park Avenue, Paterson, NJ 07501",40.9143052,-74.15987
411,412,Eagle Academy for Young Men of Newark,Public,12-May,279 Chancellor Avenue,Newark,7112,Newark Public School District,No,(n/a),No,Yes,(973) 733-1234,"279 Chancellor Avenue, Newark, NJ 07112",40.7093041,-74.2200419
412,413,Burlington County Alternative High School,Public,12-Jun,1020 Briggs Road,Mount Laurel,8054,Burlington County Special Services School District,No,(n/a),No,No,(609) 894-9311,"1020 Briggs Road, Mount Laurel, NJ 08054",39.9718969,-74.8990455
413,414,Marion P. Thomas Charter School,"Public, Charter, Alternative","PK, KG-12",88-108 Shipman Street,Newark,7102,Marion P. Thomas Charter School,Yes,(n/a),No,Yes,(973) 621-0060,"88-108 Shipman Street, Newark, NJ 07102",40.732852,-74.17982239999999
